Anio,Region,Cultivo,Producto,Superficie (ha),Produccion (t),Precio Comunitat Valenciana,Precio Alicante,Precio Castellon,Precio Valencia,Precipitacion Ene,Precipitacion Feb,Precipitacion Mar,Precipitacion Abr,Precipitacion May,Precipitacion Jun,Precipitacion Jul,Precipitacion Ago,Precipitacion Sep,Precipitacion Oct,Precipitacion Nov,Precipitacion Dic,Precipitacion Total,Precipitacion Media
2018,COMUNIDAD VALENCIANA,ARROZ,ARROZ CÁSCARA,15374.0,128645.0,0.303,0.0,0.0,0.303,0,0,0,0,0,0,0,0,0,0,0,0,0,0
2018,COMUNIDAD VALENCIANA,TRIGO,TRIGO,4399.0,10693.0,0.0,0.0,0.0,0.0,0,0,0,0,0,0,0,0,0,0,0,0,0,0
2018,COMUNIDAD VALENCIANA,CEBADA,CEBADA (2 carreras),14126.0,31016.0,0.172,0.166,0.0,0.166,0,0,0,0,0,0,0,0,0,0,0,0,0,0
2018,COMUNIDAD VALENCIANA,MAÍZ,MAÍZ GRANO,485.0,4253.0,0.174,0.174,0.0,0.174,0,0,0,0,0,0,0,0,0,0,0,0,0,0
2018,COMUNIDAD VALENCIANA,PATATA,PATATA EXTRATEMP Y TEMPRANA,2231.0,65291.0,0.422,0.442,0.0,0.253,0,0,0,0,0,0,0,0,0,0,0,0,0,0
2018,COMUNIDAD VALENCIANA,PATATA,PATATA MED ESTAC Y TARDIA,2231.0,65291.0,0.321,0.0,0.0,0.0,0,0,0,0,0,0,0,0,0,0,0,0,0,0
2018,COMUNIDAD VALENCIANA,CHUFA,CHUFA,546.0,8845.0,0.8,0.0,0.0,0.8,0,0,0,0,0,0,0,0,0,0,0,0,0,0
2018,COMUNIDAD VALENCIANA,ALCACHOFA,ALCACHOFA consumo fresco,4431.0,59189.0,0.845,0.852,0.0,0.761,0,0,0,0,0,0,0,0,0,0,0,0,0,0
2018,COMUNIDAD VALENCIANA,ALCACHOFA,ALCACHOFA industria,4431.0,59189.0,0.282,0.311,0.0,0.21,0,0,0,0,0,0,0,0,0,0,0,0,0,0
2018,COMUNIDAD VALENCIANA,BERENJENA,BERENJENA,262.0,13518.0,0.0,0.0,0.0,0.0,0,0,0,0,0,0,0,0,0,0,0,0,0,0
2018,COMUNIDAD VALENCIANA,BRÓCULI,BRÓCULI,2448.0,53645.0,0.0,0.0,0.0,0.0,0,0,0,0,0,0,0,0,0,0,0,0,0,0
2018,COMUNIDAD VALENCIANA,CEBOLLA,CEBOLLA,1866.0,91509.0,0.355,0.725,0.0,0.246,0,0,0,0,0,0,0,0,0,0,0,0,0,0
2018,COMUNIDAD VALENCIANA,COL Y REPOLLO,COL Y REPOLLO,1106.0,54994.0,0.0,0.0,0.0,0.0,0,0,0,0,0,0,0,0,0,0,0,0,0,0
2018,COMUNIDAD VALENCIANA,COLIFLOR,COLIFLOR,1297.0,30841.0,0.402,0.387,0.0,0.434,0,0,0,0,0,0,0,0,0,0,0,0,0,0
2018,COMUNIDAD VALENCIANA,ESCAROLA,ESCAROLA,590.0,15007.0,0.0,0.0,0.0,0.0,0,0,0,0,0,0,0,0,0,0,0,0,0,0
2018,COMUNIDAD VALENCIANA,ESPINACA,ESPINACA,513.0,10491.0,0.0,0.0,0.0,0.0,0,0,0,0,0,0,0,0,0,0,0,0,0,0
2018,COMUNIDAD VALENCIANA,HABAS VERDES,HABAS VERDES,619.0,6053.0,0.0,0.0,0.0,0.0,0,0,0,0,0,0,0,0,0,0,0,0,0,0
2018,COMUNIDAD VALENCIANA,JUDÍAS VERDES,JUDÍA VERDE (Plana),428.0,6471.0,1.803,0.0,0.0,1.655,0,0,0,0,0,0,0,0,0,0,0,0,0,0
2018,COMUNIDAD VALENCIANA,LECHUGA,LECHUGA TOTAL,1980.0,59573.0,0.178,0.143,0.0,0.195,0,0,0,0,0,0,0,0,0,0,0,0,0,0
2018,COMUNIDAD VALENCIANA,MELÓN,MELÓN,1486.0,38973.0,0.482,0.417,0.0,0.0,0,0,0,0,0,0,0,0,0,0,0,0,0,0
2018,COMUNIDAD VALENCIANA,PEPINO,PEPINO,159.0,6844.0,0.0,0.0,0.0,0.0,0,0,0,0,0,0,0,0,0,0,0,0,0,0
2018,COMUNIDAD VALENCIANA,PIMIENTO,PIMIENTO CONSUMO EN FRESCO,830.0,58092.0,0.56,0.589,0.0,0.528,0,0,0,0,0,0,0,0,0,0,0,0,0,0
2018,COMUNIDAD VALENCIANA,SANDÍA,SANDÍA,1548.0,73741.0,0.168,0.142,0.0,0.156,0,0,0,0,0,0,0,0,0,0,0,0,0,0
2018,COMUNIDAD VALENCIANA,TOMATE,TOMATE CONSUMO EN FRESCO,1245.0,76663.0,0.863,0.929,0.0,0.663,0,0,0,0,0,0,0,0,0,0,0,0,0,0
2018,COMUNIDAD VALENCIANA,ALFALFA,HENO DE ALFALFA,1695.0,83630.0,0.149,0.15,0.0,0.15,0,0,0,0,0,0,0,0,0,0,0,0,0,0
2018,COMUNIDAD VALENCIANA,FLORES (1),FLOR CORTADA CLAVELES (euros/docena),125.0,5717.0,1.368,1.368,0.0,0.0,0,0,0,0,0,0,0,0,0,0,0,0,0,0
2018,COMUNIDAD VALENCIANA,FLORES (1),FLOR CORTADA ROSAS (euros/docena),125.0,5717.0,5.941,4.951,0.0,9.488,0,0,0,0,0,0,0,0,0,0,0,0,0,0
2018,COMUNIDAD VALENCIANA,P. ORNAMENTAL (1),P. ORNAMENTAL (1),1797.0,52799.0,0.0,0.0,0.0,0.0,0,0,0,0,0,0,0,0,0,0,0,0,0,0
2018,COMUNIDAD VALENCIANA,NARANJO DULCE,NAVELINA,70025.0,1930742.0,0.171,0.187,0.0,0.167,0,0,0,0,0,0,0,0,0,0,0,0,0,0
2018,COMUNIDAD VALENCIANA,NARANJO DULCE,W. NAVEL,70025.0,1930742.0,0.203,0.215,0.0,0.201,0,0,0,0,0,0,0,0,0,0,0,0,0,0
2018,COMUNIDAD VALENCIANA,NARANJO DULCE,NAVEL LANE LATE,70025.0,1930742.0,0.27,0.305,0.0,0.255,0,0,0,0,0,0,0,0,0,0,0,0,0,0
2018,COMUNIDAD VALENCIANA,NARANJO DULCE,SALUSTIANA,70025.0,1930742.0,0.199,0.217,0.0,0.19,0,0,0,0,0,0,0,0,0,0,0,0,0,0
2018,COMUNIDAD VALENCIANA,NARANJO DULCE,VALENCIA LATE,70025.0,1930742.0,0.316,0.312,0.0,0.32,0,0,0,0,0,0,0,0,0,0,0,0,0,0
2018,COMUNIDAD VALENCIANA,MANDARINO,CLAUSELLINA-OKITSU,75731.0,1775455.0,0.225,0.246,0.0,0.225,0,0,0,0,0,0,0,0,0,0,0,0,0,0
2018,COMUNIDAD VALENCIANA,MANDARINO,SATSUMA-OWARI,75731.0,1775455.0,0.18,0.19,0.0,0.179,0,0,0,0,0,0,0,0,0,0,0,0,0,0
2018,COMUNIDAD VALENCIANA,MANDARINO,CLEMENRUBI,75731.0,1775455.0,0.479,0.568,0.0,0.449,0,0,0,0,0,0,0,0,0,0,0,0,0,0
2018,COMUNIDAD VALENCIANA,MANDARINO,MARISOL,75731.0,1775455.0,0.226,0.254,0.0,0.223,0,0,0,0,0,0,0,0,0,0,0,0,0,0
2018,COMUNIDAD VALENCIANA,MANDARINO,CLEMENTINA DE NULES,75731.0,1775455.0,0.205,0.22,0.0,0.197,0,0,0,0,0,0,0,0,0,0,0,0,0,0
2018,COMUNIDAD VALENCIANA,MANDARINO,CLEMENTINA HERNANDINA,75731.0,1775455.0,0.347,0.418,0.0,0.297,0,0,0,0,0,0,0,0,0,0,0,0,0,0
2018,COMUNIDAD VALENCIANA,MANDARINO,CLEMENVILLA O NOVA,75731.0,1775455.0,0.229,0.238,0.0,0.218,0,0,0,0,0,0,0,0,0,0,0,0,0,0
2018,COMUNIDAD VALENCIANA,MANDARINO,ORTANIQUE,75731.0,1775455.0,0.245,0.257,0.0,0.245,0,0,0,0,0,0,0,0,0,0,0,0,0,0
2018,COMUNIDAD VALENCIANA,MANDARINO,NADORCOTT,75731.0,1775455.0,0.688,0.731,0.0,0.641,0,0,0,0,0,0,0,0,0,0,0,0,0,0
2018,COMUNIDAD VALENCIANA,MANDARINO,OTRAS MANDARINAS HÍBRIDAS,75731.0,1775455.0,0.0,0.0,0.0,0.0,0,0,0,0,0,0,0,0,0,0,0,0,0,0
2018,COMUNIDAD VALENCIANA,LIMONERO,LIMÓN VERNA,12773.0,329020.0,0.691,0.691,0.0,0.0,0,0,0,0,0,0,0,0,0,0,0,0,0,0
2018,COMUNIDAD VALENCIANA,LIMONERO,LIMÓN FINO (Mesero),12773.0,329020.0,0.404,0.404,0.0,0.0,0,0,0,0,0,0,0,0,0,0,0,0,0,0
2018,COMUNIDAD VALENCIANA,MANZANA,MANZANA CONSUMO FRESCO,692.0,9938.0,0.731,0.731,0.0,0.0,0,0,0,0,0,0,0,0,0,0,0,0,0,0
2018,COMUNIDAD VALENCIANA,PERA,PERA CONSUMO EN FRESCO,402.0,5069.0,0.744,0.744,0.0,0.0,0,0,0,0,0,0,0,0,0,0,0,0,0,0
2018,COMUNIDAD VALENCIANA,NÍSPERO,NISPERO,1075.0,15798.0,1.178,1.178,0.0,0.0,0,0,0,0,0,0,0,0,0,0,0,0,0,0
2018,COMUNIDAD VALENCIANA,ALBARICOQUE,ALBARICOQUE CONSUMO EN FRESCO,3715.0,24435.0,0.686,0.64,0.0,0.736,0,0,0,0,0,0,0,0,0,0,0,0,0,0
2018,COMUNIDAD VALENCIANA,CEREZA,CEREZA,2779.0,7833.0,1.511,1.547,0.0,0.0,0,0,0,0,0,0,0,0,0,0,0,0,0,0
2018,COMUNIDAD VALENCIANA,MELOCOTÓN (3),MELOCOTÓN  CONSUMO EN FRESCO,4727.0,41471.0,0.863,0.0,0.0,0.863,0,0,0,0,0,0,0,0,0,0,0,0,0,0
2018,COMUNIDAD VALENCIANA,CIRUELA,CIRUELA,1660.0,10780.0,0.72,0.801,0.0,0.611,0,0,0,0,0,0,0,0,0,0,0,0,0,0
2018,COMUNIDAD VALENCIANA,GRANADA,GRANADA,3987.0,59486.0,0.461,0.461,0.0,0.0,0,0,0,0,0,0,0,0,0,0,0,0,0,0
2018,COMUNIDAD VALENCIANA,CAQUI,CAQUI,16089.0,425075.0,0.435,0.0,0.0,0.435,0,0,0,0,0,0,0,0,0,0,0,0,0,0
2018,COMUNIDAD VALENCIANA,ALMENDRA,ALMENDRA CASCARA,91867.0,35211.0,1.091,1.087,0.0,1.164,0,0,0,0,0,0,0,0,0,0,0,0,0,0
2018,COMUNIDAD VALENCIANA,UVA DE MESA,UVA DE MESA,5531.0,88550.0,0.656,0.658,0.0,0.558,0,0,0,0,0,0,0,0,0,0,0,0,0,0
2018,COMUNIDAD VALENCIANA,UVA DE VINIFICACIÓN,VINO BLANCO DOP+IGP  (R(CE) 479/2008),58729.0,247930.0,46.03,49.65,0.0,45.65,0,0,0,0,0,0,0,0,0,0,0,0,0,0
2018,COMUNIDAD VALENCIANA,UVA DE VINIFICACIÓN,VINO BLANCO VARIETAL+OTROS (R(CE) 479/2008),58729.0,247930.0,51.74,0.0,0.0,51.74,0,0,0,0,0,0,0,0,0,0,0,0,0,0
2018,COMUNIDAD VALENCIANA,UVA DE VINIFICACIÓN,VINO TINTO Y ROSADO DOP+IGP (R(CE) 479/2008),58729.0,247930.0,60.07,71.1,0.0,56.73,0,0,0,0,0,0,0,0,0,0,0,0,0,0
2018,COMUNIDAD VALENCIANA,UVA DE VINIFICACIÓN,VINO TINTO Y ROSADO VARIETAL+OTROS (R(CE) 479/2008),58729.0,247930.0,58.27,64.45,0.0,57.73,0,0,0,0,0,0,0,0,0,0,0,0,0,0
2018,COMUNIDAD VALENCIANA,OLIVO,OLIVO,92952.0,98085.0,0.0,0.0,0.0,0.0,0,0,0,0,0,0,0,0,0,0,0,0,0,0
2018,COMUNIDAD VALENCIANA,ALGARROBA (GARROFA),ALGARROBA (GARROFA),17494.0,10899.0,0.0,0.0,0.0,0.0,0,0,0,0,0,0,0,0,0,0,0,0,0,0
2018,COMUNIDAD VALENCIANA,ARROZ,ARROZ CÁSCARA,415.0,1660.0,0.303,0.0,0.0,0.303,0,0,0,0,0,0,0,0,0,0,0,0,0,0
2018,COMUNIDAD VALENCIANA,TRIGO,TRIGO,1133.0,2476.0,0.0,0.0,0.0,0.0,0,0,0,0,0,0,0,0,0,0,0,0,0,0
2018,COMUNIDAD VALENCIANA,CEBADA,CEBADA (2 carreras),2751.0,4617.0,0.172,0.166,0.0,0.166,0,0,0,0,0,0,0,0,0,0,0,0,0,0
2018,COMUNIDAD VALENCIANA,MAÍZ,MAÍZ GRANO,210.0,2299.0,0.174,0.174,0.0,0.174,0,0,0,0,0,0,0,0,0,0,0,0,0,0
2018,COMUNIDAD VALENCIANA,PATATA,PATATA EXTRATEMP Y TEMPRANA,798.0,19155.0,0.422,0.442,0.0,0.253,0,0,0,0,0,0,0,0,0,0,0,0,0,0
2018,COMUNIDAD VALENCIANA,PATATA,PATATA MED ESTAC Y TARDIA,798.0,19155.0,0.321,0.0,0.0,0.0,0,0,0,0,0,0,0,0,0,0,0,0,0,0
2018,COMUNIDAD VALENCIANA,CHUFA,CHUFA,0.0,0.0,0.8,0.0,0.0,0.8,0,0,0,0,0,0,0,0,0,0,0,0,0,0
2018,COMUNIDAD VALENCIANA,ALCACHOFA,ALCACHOFA consumo fresco,2320.0,29928.0,0.845,0.852,0.0,0.761,0,0,0,0,0,0,0,0,0,0,0,0,0,0
2018,COMUNIDAD VALENCIANA,ALCACHOFA,ALCACHOFA industria,2320.0,29928.0,0.282,0.311,0.0,0.21,0,0,0,0,0,0,0,0,0,0,0,0,0,0
2018,COMUNIDAD VALENCIANA,BERENJENA,BERENJENA,75.0,4095.0,0.0,0.0,0.0,0.0,0,0,0,0,0,0,0,0,0,0,0,0,0,0
2018,COMUNIDAD VALENCIANA,BRÓCULI,BRÓCULI,2380.0,52360.0,0.0,0.0,0.0,0.0,0,0,0,0,0,0,0,0,0,0,0,0,0,0
2018,COMUNIDAD VALENCIANA,CEBOLLA,CEBOLLA,470.0,17650.0,0.355,0.725,0.0,0.246,0,0,0,0,0,0,0,0,0,0,0,0,0,0
2018,COMUNIDAD VALENCIANA,COL Y REPOLLO,COL Y REPOLLO,189.0,8118.0,0.0,0.0,0.0,0.0,0,0,0,0,0,0,0,0,0,0,0,0,0,0
2018,COMUNIDAD VALENCIANA,COLIFLOR,COLIFLOR,380.0,8740.0,0.402,0.387,0.0,0.434,0,0,0,0,0,0,0,0,0,0,0,0,0,0
2018,COMUNIDAD VALENCIANA,ESCAROLA,ESCAROLA,260.0,6760.0,0.0,0.0,0.0,0.0,0,0,0,0,0,0,0,0,0,0,0,0,0,0
2018,COMUNIDAD VALENCIANA,ESPINACA,ESPINACA,307.0,6754.0,0.0,0.0,0.0,0.0,0,0,0,0,0,0,0,0,0,0,0,0,0,0
2018,COMUNIDAD VALENCIANA,HABAS VERDES,HABAS VERDES,460.0,5060.0,0.0,0.0,0.0,0.0,0,0,0,0,0,0,0,0,0,0,0,0,0,0
2018,COMUNIDAD VALENCIANA,JUDÍAS VERDES,JUDÍA VERDE (Plana),55.0,605.0,1.803,0.0,0.0,1.655,0,0,0,0,0,0,0,0,0,0,0,0,0,0
2018,COMUNIDAD VALENCIANA,LECHUGA,LECHUGA TOTAL,1165.0,31770.0,0.178,0.143,0.0,0.195,0,0,0,0,0,0,0,0,0,0,0,0,0,0
2018,COMUNIDAD VALENCIANA,MELÓN,MELÓN,1075.0,28500.0,0.482,0.417,0.0,0.0,0,0,0,0,0,0,0,0,0,0,0,0,0,0
2018,COMUNIDAD VALENCIANA,PEPINO,PEPINO,70.0,3525.0,0.0,0.0,0.0,0.0,0,0,0,0,0,0,0,0,0,0,0,0,0,0
2018,COMUNIDAD VALENCIANA,PIMIENTO,PIMIENTO CONSUMO EN FRESCO,346.0,34810.0,0.56,0.589,0.0,0.528,0,0,0,0,0,0,0,0,0,0,0,0,0,0
2018,COMUNIDAD VALENCIANA,SANDÍA,SANDÍA,255.0,12495.0,0.168,0.142,0.0,0.156,0,0,0,0,0,0,0,0,0,0,0,0,0,0
2018,COMUNIDAD VALENCIANA,TOMATE,TOMATE CONSUMO EN FRESCO,544.0,51330.0,0.863,0.929,0.0,0.663,0,0,0,0,0,0,0,0,0,0,0,0,0,0
2018,COMUNIDAD VALENCIANA,ALFALFA,HENO DE ALFALFA,1155.0,74780.0,0.149,0.15,0.0,0.15,0,0,0,0,0,0,0,0,0,0,0,0,0,0
2018,COMUNIDAD VALENCIANA,FLORES (1),FLOR CORTADA CLAVELES (euros/docena),101.0,4904.0,1.368,1.368,0.0,0.0,0,0,0,0,0,0,0,0,0,0,0,0,0,0
2018,COMUNIDAD VALENCIANA,FLORES (1),FLOR CORTADA ROSAS (euros/docena),101.0,4904.0,5.941,4.951,0.0,9.488,0,0,0,0,0,0,0,0,0,0,0,0,0,0
2018,COMUNIDAD VALENCIANA,P. ORNAMENTAL (1),P. ORNAMENTAL (1),363.0,7753.0,0.0,0.0,0.0,0.0,0,0,0,0,0,0,0,0,0,0,0,0,0,0
2018,COMUNIDAD VALENCIANA,NARANJO DULCE,NAVELINA,11668.0,289001.0,0.171,0.187,0.0,0.167,0,0,0,0,0,0,0,0,0,0,0,0,0,0
2018,COMUNIDAD VALENCIANA,NARANJO DULCE,W. NAVEL,11668.0,289001.0,0.203,0.215,0.0,0.201,0,0,0,0,0,0,0,0,0,0,0,0,0,0
2018,COMUNIDAD VALENCIANA,NARANJO DULCE,NAVEL LANE LATE,11668.0,289001.0,0.27,0.305,0.0,0.255,0,0,0,0,0,0,0,0,0,0,0,0,0,0
2018,COMUNIDAD VALENCIANA,NARANJO DULCE,SALUSTIANA,11668.0,289001.0,0.199,0.217,0.0,0.19,0,0,0,0,0,0,0,0,0,0,0,0,0,0
2018,COMUNIDAD VALENCIANA,NARANJO DULCE,VALENCIA LATE,11668.0,289001.0,0.316,0.312,0.0,0.32,0,0,0,0,0,0,0,0,0,0,0,0,0,0
2018,COMUNIDAD VALENCIANA,MANDARINO,CLAUSELLINA-OKITSU,6900.0,149094.0,0.225,0.246,0.0,0.225,0,0,0,0,0,0,0,0,0,0,0,0,0,0
2018,COMUNIDAD VALENCIANA,MANDARINO,SATSUMA-OWARI,6900.0,149094.0,0.18,0.19,0.0,0.179,0,0,0,0,0,0,0,0,0,0,0,0,0,0
2018,COMUNIDAD VALENCIANA,MANDARINO,CLEMENRUBI,6900.0,149094.0,0.479,0.568,0.0,0.449,0,0,0,0,0,0,0,0,0,0,0,0,0,0
2018,COMUNIDAD VALENCIANA,MANDARINO,MARISOL,6900.0,149094.0,0.226,0.254,0.0,0.223,0,0,0,0,0,0,0,0,0,0,0,0,0,0
2018,COMUNIDAD VALENCIANA,MANDARINO,CLEMENTINA DE NULES,6900.0,149094.0,0.205,0.22,0.0,0.197,0,0,0,0,0,0,0,0,0,0,0,0,0,0
2018,COMUNIDAD VALENCIANA,MANDARINO,CLEMENTINA HERNANDINA,6900.0,149094.0,0.347,0.418,0.0,0.297,0,0,0,0,0,0,0,0,0,0,0,0,0,0
2018,COMUNIDAD VALENCIANA,MANDARINO,CLEMENVILLA O NOVA,6900.0,149094.0,0.229,0.238,0.0,0.218,0,0,0,0,0,0,0,0,0,0,0,0,0,0
2018,COMUNIDAD VALENCIANA,MANDARINO,ORTANIQUE,6900.0,149094.0,0.245,0.257,0.0,0.245,0,0,0,0,0,0,0,0,0,0,0,0,0,0
2018,COMUNIDAD VALENCIANA,MANDARINO,NADORCOTT,6900.0,149094.0,0.688,0.731,0.0,0.641,0,0,0,0,0,0,0,0,0,0,0,0,0,0
2018,COMUNIDAD VALENCIANA,MANDARINO,OTRAS MANDARINAS HÍBRIDAS,6900.0,149094.0,0.0,0.0,0.0,0.0,0,0,0,0,0,0,0,0,0,0,0,0,0,0
2018,COMUNIDAD VALENCIANA,LIMONERO,LIMÓN VERNA,12628.0,326007.0,0.691,0.691,0.0,0.0,0,0,0,0,0,0,0,0,0,0,0,0,0,0
2018,COMUNIDAD VALENCIANA,LIMONERO,LIMÓN FINO (Mesero),12628.0,326007.0,0.404,0.404,0.0,0.0,0,0,0,0,0,0,0,0,0,0,0,0,0,0
2018,COMUNIDAD VALENCIANA,MANZANA,MANZANA CONSUMO FRESCO,508.0,8017.0,0.731,0.731,0.0,0.0,0,0,0,0,0,0,0,0,0,0,0,0,0,0
2018,COMUNIDAD VALENCIANA,PERA,PERA CONSUMO EN FRESCO,209.0,2883.0,0.744,0.744,0.0,0.0,0,0,0,0,0,0,0,0,0,0,0,0,0,0
2018,COMUNIDAD VALENCIANA,NÍSPERO,NISPERO,836.0,14727.0,1.178,1.178,0.0,0.0,0,0,0,0,0,0,0,0,0,0,0,0,0,0
2018,COMUNIDAD VALENCIANA,ALBARICOQUE,ALBARICOQUE CONSUMO EN FRESCO,525.0,5692.0,0.686,0.64,0.0,0.736,0,0,0,0,0,0,0,0,0,0,0,0,0,0
2018,COMUNIDAD VALENCIANA,CEREZA,CEREZA,2110.0,6700.0,1.511,1.547,0.0,0.0,0,0,0,0,0,0,0,0,0,0,0,0,0,0
2018,COMUNIDAD VALENCIANA,MELOCOTÓN (3),MELOCOTÓN  CONSUMO EN FRESCO,538.0,6844.0,0.863,0.0,0.0,0.863,0,0,0,0,0,0,0,0,0,0,0,0,0,0
2018,COMUNIDAD VALENCIANA,CIRUELA,CIRUELA,383.0,3576.0,0.72,0.801,0.0,0.611,0,0,0,0,0,0,0,0,0,0,0,0,0,0
2018,COMUNIDAD VALENCIANA,GRANADA,GRANADA,3208.0,52533.0,0.461,0.461,0.0,0.0,0,0,0,0,0,0,0,0,0,0,0,0,0,0
2018,COMUNIDAD VALENCIANA,CAQUI,CAQUI,71.0,638.0,0.435,0.0,0.0,0.435,0,0,0,0,0,0,0,0,0,0,0,0,0,0
2018,COMUNIDAD VALENCIANA,ALMENDRA,ALMENDRA CASCARA,21982.0,14188.0,1.091,1.087,0.0,1.164,0,0,0,0,0,0,0,0,0,0,0,0,0,0
2018,COMUNIDAD VALENCIANA,UVA DE MESA,UVA DE MESA,5345.0,88090.0,0.656,0.658,0.0,0.558,0,0,0,0,0,0,0,0,0,0,0,0,0,0
2018,COMUNIDAD VALENCIANA,UVA DE VINIFICACIÓN,VINO BLANCO DOP+IGP  (R(CE) 479/2008),10597.0,30479.0,46.03,49.65,0.0,45.65,0,0,0,0,0,0,0,0,0,0,0,0,0,0
2018,COMUNIDAD VALENCIANA,UVA DE VINIFICACIÓN,VINO BLANCO VARIETAL+OTROS (R(CE) 479/2008),10597.0,30479.0,51.74,0.0,0.0,51.74,0,0,0,0,0,0,0,0,0,0,0,0,0,0
2018,COMUNIDAD VALENCIANA,UVA DE VINIFICACIÓN,VINO TINTO Y ROSADO DOP+IGP (R(CE) 479/2008),10597.0,30479.0,60.07,71.1,0.0,56.73,0,0,0,0,0,0,0,0,0,0,0,0,0,0
2018,COMUNIDAD VALENCIANA,UVA DE VINIFICACIÓN,VINO TINTO Y ROSADO VARIETAL+OTROS (R(CE) 479/2008),10597.0,30479.0,58.27,64.45,0.0,57.73,0,0,0,0,0,0,0,0,0,0,0,0,0,0
2018,COMUNIDAD VALENCIANA,OLIVO,OLIVO,28160.0,46846.0,0.0,0.0,0.0,0.0,0,0,0,0,0,0,0,0,0,0,0,0,0,0
2018,COMUNIDAD VALENCIANA,ALGARROBA (GARROFA),ALGARROBA (GARROFA),752.0,695.0,0.0,0.0,0.0,0.0,0,0,0,0,0,0,0,0,0,0,0,0,0,0
2018,COMUNIDAD VALENCIANA,ARROZ,ARROZ CÁSCARA,153.0,1193.0,0.303,0.0,0.0,0.303,0,0,0,0,0,0,0,0,0,0,0,0,0,0
2018,COMUNIDAD VALENCIANA,TRIGO,TRIGO,879.0,1182.0,0.0,0.0,0.0,0.0,0,0,0,0,0,0,0,0,0,0,0,0,0,0
2018,COMUNIDAD VALENCIANA,CEBADA,CEBADA (2 carreras),3030.0,3567.0,0.172,0.166,0.0,0.166,0,0,0,0,0,0,0,0,0,0,0,0,0,0
2018,COMUNIDAD VALENCIANA,MAÍZ,MAÍZ GRANO,154.0,502.0,0.174,0.174,0.0,0.174,0,0,0,0,0,0,0,0,0,0,0,0,0,0
2018,COMUNIDAD VALENCIANA,PATATA,PATATA EXTRATEMP Y TEMPRANA,437.0,10688.0,0.422,0.442,0.0,0.253,0,0,0,0,0,0,0,0,0,0,0,0,0,0
2018,COMUNIDAD VALENCIANA,PATATA,PATATA MED ESTAC Y TARDIA,437.0,10688.0,0.321,0.0,0.0,0.0,0,0,0,0,0,0,0,0,0,0,0,0,0,0
2018,COMUNIDAD VALENCIANA,CHUFA,CHUFA,0.0,0.0,0.8,0.0,0.0,0.8,0,0,0,0,0,0,0,0,0,0,0,0,0,0
2018,COMUNIDAD VALENCIANA,ALCACHOFA,ALCACHOFA consumo fresco,1075.0,13311.0,0.845,0.852,0.0,0.761,0,0,0,0,0,0,0,0,0,0,0,0,0,0
2018,COMUNIDAD VALENCIANA,ALCACHOFA,ALCACHOFA industria,1075.0,13311.0,0.282,0.311,0.0,0.21,0,0,0,0,0,0,0,0,0,0,0,0,0,0
2018,COMUNIDAD VALENCIANA,BERENJENA,BERENJENA,70.0,2009.0,0.0,0.0,0.0,0.0,0,0,0,0,0,0,0,0,0,0,0,0,0,0
2018,COMUNIDAD VALENCIANA,BRÓCULI,BRÓCULI,68.0,1285.0,0.0,0.0,0.0,0.0,0,0,0,0,0,0,0,0,0,0,0,0,0,0
2018,COMUNIDAD VALENCIANA,CEBOLLA,CEBOLLA,257.0,5519.0,0.355,0.725,0.0,0.246,0,0,0,0,0,0,0,0,0,0,0,0,0,0
2018,COMUNIDAD VALENCIANA,COL Y REPOLLO,COL Y REPOLLO,393.0,11471.0,0.0,0.0,0.0,0.0,0,0,0,0,0,0,0,0,0,0,0,0,0,0
2018,COMUNIDAD VALENCIANA,COLIFLOR,COLIFLOR,412.0,9476.0,0.402,0.387,0.0,0.434,0,0,0,0,0,0,0,0,0,0,0,0,0,0
2018,COMUNIDAD VALENCIANA,ESCAROLA,ESCAROLA,235.0,5111.0,0.0,0.0,0.0,0.0,0,0,0,0,0,0,0,0,0,0,0,0,0,0
2018,COMUNIDAD VALENCIANA,ESPINACA,ESPINACA,13.0,263.0,0.0,0.0,0.0,0.0,0,0,0,0,0,0,0,0,0,0,0,0,0,0
2018,COMUNIDAD VALENCIANA,HABAS VERDES,HABAS VERDES,64.0,518.0,0.0,0.0,0.0,0.0,0,0,0,0,0,0,0,0,0,0,0,0,0,0
2018,COMUNIDAD VALENCIANA,JUDÍAS VERDES,JUDÍA VERDE (Plana),279.0,4703.0,1.803,0.0,0.0,1.655,0,0,0,0,0,0,0,0,0,0,0,0,0,0
2018,COMUNIDAD VALENCIANA,LECHUGA,LECHUGA TOTAL,379.0,8093.0,0.178,0.143,0.0,0.195,0,0,0,0,0,0,0,0,0,0,0,0,0,0
2018,COMUNIDAD VALENCIANA,MELÓN,MELÓN,305.0,6657.0,0.482,0.417,0.0,0.0,0,0,0,0,0,0,0,0,0,0,0,0,0,0
2018,COMUNIDAD VALENCIANA,PEPINO,PEPINO,66.0,1971.0,0.0,0.0,0.0,0.0,0,0,0,0,0,0,0,0,0,0,0,0,0,0
2018,COMUNIDAD VALENCIANA,PIMIENTO,PIMIENTO CONSUMO EN FRESCO,131.0,3146.0,0.56,0.589,0.0,0.528,0,0,0,0,0,0,0,0,0,0,0,0,0,0
2018,COMUNIDAD VALENCIANA,SANDÍA,SANDÍA,461.0,10776.0,0.168,0.142,0.0,0.156,0,0,0,0,0,0,0,0,0,0,0,0,0,0
2018,COMUNIDAD VALENCIANA,TOMATE,TOMATE CONSUMO EN FRESCO,527.0,17394.0,0.863,0.929,0.0,0.663,0,0,0,0,0,0,0,0,0,0,0,0,0,0
2018,COMUNIDAD VALENCIANA,ALFALFA,HENO DE ALFALFA,291.0,5769.0,0.149,0.15,0.0,0.15,0,0,0,0,0,0,0,0,0,0,0,0,0,0
2018,COMUNIDAD VALENCIANA,FLORES (1),FLOR CORTADA CLAVELES (euros/docena),5.0,228.0,1.368,1.368,0.0,0.0,0,0,0,0,0,0,0,0,0,0,0,0,0,0
2018,COMUNIDAD VALENCIANA,FLORES (1),FLOR CORTADA ROSAS (euros/docena),5.0,228.0,5.941,4.951,0.0,9.488,0,0,0,0,0,0,0,0,0,0,0,0,0,0
2018,COMUNIDAD VALENCIANA,P. ORNAMENTAL (1),P. ORNAMENTAL (1),174.0,6158.0,0.0,0.0,0.0,0.0,0,0,0,0,0,0,0,0,0,0,0,0,0,0
2018,COMUNIDAD VALENCIANA,NARANJO DULCE,NAVELINA,6171.0,141000.0,0.171,0.187,0.0,0.167,0,0,0,0,0,0,0,0,0,0,0,0,0,0
2018,COMUNIDAD VALENCIANA,NARANJO DULCE,W. NAVEL,6171.0,141000.0,0.203,0.215,0.0,0.201,0,0,0,0,0,0,0,0,0,0,0,0,0,0
2018,COMUNIDAD VALENCIANA,NARANJO DULCE,NAVEL LANE LATE,6171.0,141000.0,0.27,0.305,0.0,0.255,0,0,0,0,0,0,0,0,0,0,0,0,0,0
2018,COMUNIDAD VALENCIANA,NARANJO DULCE,SALUSTIANA,6171.0,141000.0,0.199,0.217,0.0,0.19,0,0,0,0,0,0,0,0,0,0,0,0,0,0
2018,COMUNIDAD VALENCIANA,NARANJO DULCE,VALENCIA LATE,6171.0,141000.0,0.316,0.312,0.0,0.32,0,0,0,0,0,0,0,0,0,0,0,0,0,0
2018,COMUNIDAD VALENCIANA,MANDARINO,CLAUSELLINA-OKITSU,28496.0,680862.0,0.225,0.246,0.0,0.225,0,0,0,0,0,0,0,0,0,0,0,0,0,0
2018,COMUNIDAD VALENCIANA,MANDARINO,SATSUMA-OWARI,28496.0,680862.0,0.18,0.19,0.0,0.179,0,0,0,0,0,0,0,0,0,0,0,0,0,0
2018,COMUNIDAD VALENCIANA,MANDARINO,CLEMENRUBI,28496.0,680862.0,0.479,0.568,0.0,0.449,0,0,0,0,0,0,0,0,0,0,0,0,0,0
2018,COMUNIDAD VALENCIANA,MANDARINO,MARISOL,28496.0,680862.0,0.226,0.254,0.0,0.223,0,0,0,0,0,0,0,0,0,0,0,0,0,0
2018,COMUNIDAD VALENCIANA,MANDARINO,CLEMENTINA DE NULES,28496.0,680862.0,0.205,0.22,0.0,0.197,0,0,0,0,0,0,0,0,0,0,0,0,0,0
2018,COMUNIDAD VALENCIANA,MANDARINO,CLEMENTINA HERNANDINA,28496.0,680862.0,0.347,0.418,0.0,0.297,0,0,0,0,0,0,0,0,0,0,0,0,0,0
2018,COMUNIDAD VALENCIANA,MANDARINO,CLEMENVILLA O NOVA,28496.0,680862.0,0.229,0.238,0.0,0.218,0,0,0,0,0,0,0,0,0,0,0,0,0,0
2018,COMUNIDAD VALENCIANA,MANDARINO,ORTANIQUE,28496.0,680862.0,0.245,0.257,0.0,0.245,0,0,0,0,0,0,0,0,0,0,0,0,0,0
2018,COMUNIDAD VALENCIANA,MANDARINO,NADORCOTT,28496.0,680862.0,0.688,0.731,0.0,0.641,0,0,0,0,0,0,0,0,0,0,0,0,0,0
2018,COMUNIDAD VALENCIANA,MANDARINO,OTRAS MANDARINAS HÍBRIDAS,28496.0,680862.0,0.0,0.0,0.0,0.0,0,0,0,0,0,0,0,0,0,0,0,0,0,0
2018,COMUNIDAD VALENCIANA,LIMONERO,LIMÓN VERNA,49.0,1220.0,0.691,0.691,0.0,0.0,0,0,0,0,0,0,0,0,0,0,0,0,0,0
2018,COMUNIDAD VALENCIANA,LIMONERO,LIMÓN FINO (Mesero),49.0,1220.0,0.404,0.404,0.0,0.0,0,0,0,0,0,0,0,0,0,0,0,0,0,0
2018,COMUNIDAD VALENCIANA,MANZANA,MANZANA CONSUMO FRESCO,75.0,641.0,0.731,0.731,0.0,0.0,0,0,0,0,0,0,0,0,0,0,0,0,0,0
2018,COMUNIDAD VALENCIANA,PERA,PERA CONSUMO EN FRESCO,149.0,1566.0,0.744,0.744,0.0,0.0,0,0,0,0,0,0,0,0,0,0,0,0,0,0
2018,COMUNIDAD VALENCIANA,NÍSPERO,NISPERO,170.0,849.0,1.178,1.178,0.0,0.0,0,0,0,0,0,0,0,0,0,0,0,0,0,0
2018,COMUNIDAD VALENCIANA,ALBARICOQUE,ALBARICOQUE CONSUMO EN FRESCO,190.0,946.0,0.686,0.64,0.0,0.736,0,0,0,0,0,0,0,0,0,0,0,0,0,0
2018,COMUNIDAD VALENCIANA,CEREZA,CEREZA,590.0,1023.0,1.511,1.547,0.0,0.0,0,0,0,0,0,0,0,0,0,0,0,0,0,0
2018,COMUNIDAD VALENCIANA,MELOCOTÓN (3),MELOCOTÓN  CONSUMO EN FRESCO,378.0,2082.0,0.863,0.0,0.0,0.863,0,0,0,0,0,0,0,0,0,0,0,0,0,0
2018,COMUNIDAD VALENCIANA,CIRUELA,CIRUELA,101.0,660.0,0.72,0.801,0.0,0.611,0,0,0,0,0,0,0,0,0,0,0,0,0,0
2018,COMUNIDAD VALENCIANA,GRANADA,GRANADA,95.0,221.0,0.461,0.461,0.0,0.0,0,0,0,0,0,0,0,0,0,0,0,0,0,0
2018,COMUNIDAD VALENCIANA,CAQUI,CAQUI,215.0,1788.0,0.435,0.0,0.0,0.435,0,0,0,0,0,0,0,0,0,0,0,0,0,0
2018,COMUNIDAD VALENCIANA,ALMENDRA,ALMENDRA CASCARA,36691.0,6590.0,1.091,1.087,0.0,1.164,0,0,0,0,0,0,0,0,0,0,0,0,0,0
2018,COMUNIDAD VALENCIANA,UVA DE MESA,UVA DE MESA,95.0,254.0,0.656,0.658,0.0,0.558,0,0,0,0,0,0,0,0,0,0,0,0,0,0
2018,COMUNIDAD VALENCIANA,UVA DE VINIFICACIÓN,VINO BLANCO DOP+IGP  (R(CE) 479/2008),770.0,1458.0,46.03,49.65,0.0,45.65,0,0,0,0,0,0,0,0,0,0,0,0,0,0
2018,COMUNIDAD VALENCIANA,UVA DE VINIFICACIÓN,VINO BLANCO VARIETAL+OTROS (R(CE) 479/2008),770.0,1458.0,51.74,0.0,0.0,51.74,0,0,0,0,0,0,0,0,0,0,0,0,0,0
2018,COMUNIDAD VALENCIANA,UVA DE VINIFICACIÓN,VINO TINTO Y ROSADO DOP+IGP (R(CE) 479/2008),770.0,1458.0,60.07,71.1,0.0,56.73,0,0,0,0,0,0,0,0,0,0,0,0,0,0
2018,COMUNIDAD VALENCIANA,UVA DE VINIFICACIÓN,VINO TINTO Y ROSADO VARIETAL+OTROS (R(CE) 479/2008),770.0,1458.0,58.27,64.45,0.0,57.73,0,0,0,0,0,0,0,0,0,0,0,0,0,0
2018,COMUNIDAD VALENCIANA,OLIVO,OLIVO,32930.0,12303.0,0.0,0.0,0.0,0.0,0,0,0,0,0,0,0,0,0,0,0,0,0,0
2018,COMUNIDAD VALENCIANA,ALGARROBA (GARROFA),ALGARROBA (GARROFA),7777.0,2018.0,0.0,0.0,0.0,0.0,0,0,0,0,0,0,0,0,0,0,0,0,0,0
2018,COMUNIDAD VALENCIANA,ARROZ,ARROZ CÁSCARA,14806.0,125792.0,0.303,0.0,0.0,0.303,0,0,0,0,0,0,0,0,0,0,0,0,0,0
2018,COMUNIDAD VALENCIANA,TRIGO,TRIGO,2387.0,7035.0,0.0,0.0,0.0,0.0,0,0,0,0,0,0,0,0,0,0,0,0,0,0
2018,COMUNIDAD VALENCIANA,CEBADA,CEBADA (2 carreras),8345.0,22832.0,0.172,0.166,0.0,0.166,0,0,0,0,0,0,0,0,0,0,0,0,0,0
2018,COMUNIDAD VALENCIANA,MAÍZ,MAÍZ GRANO,121.0,1452.0,0.174,0.174,0.0,0.174,0,0,0,0,0,0,0,0,0,0,0,0,0,0
2018,COMUNIDAD VALENCIANA,PATATA,PATATA EXTRATEMP Y TEMPRANA,996.0,35448.0,0.422,0.442,0.0,0.253,0,0,0,0,0,0,0,0,0,0,0,0,0,0
2018,COMUNIDAD VALENCIANA,PATATA,PATATA MED ESTAC Y TARDIA,996.0,35448.0,0.321,0.0,0.0,0.0,0,0,0,0,0,0,0,0,0,0,0,0,0,0
2018,COMUNIDAD VALENCIANA,CHUFA,CHUFA,546.0,8845.0,0.8,0.0,0.0,0.8,0,0,0,0,0,0,0,0,0,0,0,0,0,0
2018,COMUNIDAD VALENCIANA,ALCACHOFA,ALCACHOFA consumo fresco,1036.0,15950.0,0.845,0.852,0.0,0.761,0,0,0,0,0,0,0,0,0,0,0,0,0,0
2018,COMUNIDAD VALENCIANA,ALCACHOFA,ALCACHOFA industria,1036.0,15950.0,0.282,0.311,0.0,0.21,0,0,0,0,0,0,0,0,0,0,0,0,0,0
2018,COMUNIDAD VALENCIANA,BERENJENA,BERENJENA,117.0,7414.0,0.0,0.0,0.0,0.0,0,0,0,0,0,0,0,0,0,0,0,0,0,0
2018,COMUNIDAD VALENCIANA,BRÓCULI,BRÓCULI,0.0,0.0,0.0,0.0,0.0,0.0,0,0,0,0,0,0,0,0,0,0,0,0,0,0
2018,COMUNIDAD VALENCIANA,CEBOLLA,CEBOLLA,1139.0,68340.0,0.355,0.725,0.0,0.246,0,0,0,0,0,0,0,0,0,0,0,0,0,0
2018,COMUNIDAD VALENCIANA,COL Y REPOLLO,COL Y REPOLLO,524.0,35405.0,0.0,0.0,0.0,0.0,0,0,0,0,0,0,0,0,0,0,0,0,0,0
2018,COMUNIDAD VALENCIANA,COLIFLOR,COLIFLOR,505.0,12625.0,0.402,0.387,0.0,0.434,0,0,0,0,0,0,0,0,0,0,0,0,0,0
2018,COMUNIDAD VALENCIANA,ESCAROLA,ESCAROLA,95.0,3136.0,0.0,0.0,0.0,0.0,0,0,0,0,0,0,0,0,0,0,0,0,0,0
2018,COMUNIDAD VALENCIANA,ESPINACA,ESPINACA,193.0,3474.0,0.0,0.0,0.0,0.0,0,0,0,0,0,0,0,0,0,0,0,0,0,0
2018,COMUNIDAD VALENCIANA,HABAS VERDES,HABAS VERDES,95.0,475.0,0.0,0.0,0.0,0.0,0,0,0,0,0,0,0,0,0,0,0,0,0,0
2018,COMUNIDAD VALENCIANA,JUDÍAS VERDES,JUDÍA VERDE (Plana),94.0,1163.0,1.803,0.0,0.0,1.655,0,0,0,0,0,0,0,0,0,0,0,0,0,0
2018,COMUNIDAD VALENCIANA,LECHUGA,LECHUGA TOTAL,436.0,19710.0,0.178,0.143,0.0,0.195,0,0,0,0,0,0,0,0,0,0,0,0,0,0
2018,COMUNIDAD VALENCIANA,MELÓN,MELÓN,106.0,3816.0,0.482,0.417,0.0,0.0,0,0,0,0,0,0,0,0,0,0,0,0,0,0
2018,COMUNIDAD VALENCIANA,PEPINO,PEPINO,23.0,1348.0,0.0,0.0,0.0,0.0,0,0,0,0,0,0,0,0,0,0,0,0,0,0
2018,COMUNIDAD VALENCIANA,PIMIENTO,PIMIENTO CONSUMO EN FRESCO,353.0,20136.0,0.56,0.589,0.0,0.528,0,0,0,0,0,0,0,0,0,0,0,0,0,0
2018,COMUNIDAD VALENCIANA,SANDÍA,SANDÍA,832.0,50470.0,0.168,0.142,0.0,0.156,0,0,0,0,0,0,0,0,0,0,0,0,0,0
2018,COMUNIDAD VALENCIANA,TOMATE,TOMATE CONSUMO EN FRESCO,174.0,7939.0,0.863,0.929,0.0,0.663,0,0,0,0,0,0,0,0,0,0,0,0,0,0
2018,COMUNIDAD VALENCIANA,ALFALFA,HENO DE ALFALFA,249.0,3081.0,0.149,0.15,0.0,0.15,0,0,0,0,0,0,0,0,0,0,0,0,0,0
2018,COMUNIDAD VALENCIANA,FLORES (1),FLOR CORTADA CLAVELES (euros/docena),19.0,585.0,1.368,1.368,0.0,0.0,0,0,0,0,0,0,0,0,0,0,0,0,0,0
2018,COMUNIDAD VALENCIANA,FLORES (1),FLOR CORTADA ROSAS (euros/docena),19.0,585.0,5.941,4.951,0.0,9.488,0,0,0,0,0,0,0,0,0,0,0,0,0,0
2018,COMUNIDAD VALENCIANA,P. ORNAMENTAL (1),P. ORNAMENTAL (1),1260.0,38888.0,0.0,0.0,0.0,0.0,0,0,0,0,0,0,0,0,0,0,0,0,0,0
2018,COMUNIDAD VALENCIANA,NARANJO DULCE,NAVELINA,52186.0,1500741.0,0.171,0.187,0.0,0.167,0,0,0,0,0,0,0,0,0,0,0,0,0,0
2018,COMUNIDAD VALENCIANA,NARANJO DULCE,W. NAVEL,52186.0,1500741.0,0.203,0.215,0.0,0.201,0,0,0,0,0,0,0,0,0,0,0,0,0,0
2018,COMUNIDAD VALENCIANA,NARANJO DULCE,NAVEL LANE LATE,52186.0,1500741.0,0.27,0.305,0.0,0.255,0,0,0,0,0,0,0,0,0,0,0,0,0,0
2018,COMUNIDAD VALENCIANA,NARANJO DULCE,SALUSTIANA,52186.0,1500741.0,0.199,0.217,0.0,0.19,0,0,0,0,0,0,0,0,0,0,0,0,0,0
2018,COMUNIDAD VALENCIANA,NARANJO DULCE,VALENCIA LATE,52186.0,1500741.0,0.316,0.312,0.0,0.32,0,0,0,0,0,0,0,0,0,0,0,0,0,0
2018,COMUNIDAD VALENCIANA,MANDARINO,CLAUSELLINA-OKITSU,40335.0,945499.0,0.225,0.246,0.0,0.225,0,0,0,0,0,0,0,0,0,0,0,0,0,0
2018,COMUNIDAD VALENCIANA,MANDARINO,SATSUMA-OWARI,40335.0,945499.0,0.18,0.19,0.0,0.179,0,0,0,0,0,0,0,0,0,0,0,0,0,0
2018,COMUNIDAD VALENCIANA,MANDARINO,CLEMENRUBI,40335.0,945499.0,0.479,0.568,0.0,0.449,0,0,0,0,0,0,0,0,0,0,0,0,0,0
2018,COMUNIDAD VALENCIANA,MANDARINO,MARISOL,40335.0,945499.0,0.226,0.254,0.0,0.223,0,0,0,0,0,0,0,0,0,0,0,0,0,0
2018,COMUNIDAD VALENCIANA,MANDARINO,CLEMENTINA DE NULES,40335.0,945499.0,0.205,0.22,0.0,0.197,0,0,0,0,0,0,0,0,0,0,0,0,0,0
2018,COMUNIDAD VALENCIANA,MANDARINO,CLEMENTINA HERNANDINA,40335.0,945499.0,0.347,0.418,0.0,0.297,0,0,0,0,0,0,0,0,0,0,0,0,0,0
2018,COMUNIDAD VALENCIANA,MANDARINO,CLEMENVILLA O NOVA,40335.0,945499.0,0.229,0.238,0.0,0.218,0,0,0,0,0,0,0,0,0,0,0,0,0,0
2018,COMUNIDAD VALENCIANA,MANDARINO,ORTANIQUE,40335.0,945499.0,0.245,0.257,0.0,0.245,0,0,0,0,0,0,0,0,0,0,0,0,0,0
2018,COMUNIDAD VALENCIANA,MANDARINO,NADORCOTT,40335.0,945499.0,0.688,0.731,0.0,0.641,0,0,0,0,0,0,0,0,0,0,0,0,0,0
2018,COMUNIDAD VALENCIANA,MANDARINO,OTRAS MANDARINAS HÍBRIDAS,40335.0,945499.0,0.0,0.0,0.0,0.0,0,0,0,0,0,0,0,0,0,0,0,0,0,0
2018,COMUNIDAD VALENCIANA,LIMONERO,LIMÓN VERNA,96.0,1793.0,0.691,0.691,0.0,0.0,0,0,0,0,0,0,0,0,0,0,0,0,0,0
2018,COMUNIDAD VALENCIANA,LIMONERO,LIMÓN FINO (Mesero),96.0,1793.0,0.404,0.404,0.0,0.0,0,0,0,0,0,0,0,0,0,0,0,0,0,0
2018,COMUNIDAD VALENCIANA,MANZANA,MANZANA CONSUMO FRESCO,109.0,1280.0,0.731,0.731,0.0,0.0,0,0,0,0,0,0,0,0,0,0,0,0,0,0
2018,COMUNIDAD VALENCIANA,PERA,PERA CONSUMO EN FRESCO,44.0,620.0,0.744,0.744,0.0,0.0,0,0,0,0,0,0,0,0,0,0,0,0,0,0
2018,COMUNIDAD VALENCIANA,NÍSPERO,NISPERO,69.0,222.0,1.178,1.178,0.0,0.0,0,0,0,0,0,0,0,0,0,0,0,0,0,0
2018,COMUNIDAD VALENCIANA,ALBARICOQUE,ALBARICOQUE CONSUMO EN FRESCO,3000.0,17797.0,0.686,0.64,0.0,0.736,0,0,0,0,0,0,0,0,0,0,0,0,0,0
2018,COMUNIDAD VALENCIANA,CEREZA,CEREZA,79.0,110.0,1.511,1.547,0.0,0.0,0,0,0,0,0,0,0,0,0,0,0,0,0,0
2018,COMUNIDAD VALENCIANA,MELOCOTÓN (3),MELOCOTÓN  CONSUMO EN FRESCO,3811.0,32545.0,0.863,0.0,0.0,0.863,0,0,0,0,0,0,0,0,0,0,0,0,0,0
2018,COMUNIDAD VALENCIANA,CIRUELA,CIRUELA,1176.0,6544.0,0.72,0.801,0.0,0.611,0,0,0,0,0,0,0,0,0,0,0,0,0,0
2018,COMUNIDAD VALENCIANA,GRANADA,GRANADA,684.0,6732.0,0.461,0.461,0.0,0.0,0,0,0,0,0,0,0,0,0,0,0,0,0,0
2018,COMUNIDAD VALENCIANA,CAQUI,CAQUI,15803.0,422649.0,0.435,0.0,0.0,0.435,0,0,0,0,0,0,0,0,0,0,0,0,0,0
2018,COMUNIDAD VALENCIANA,ALMENDRA,ALMENDRA CASCARA,33194.0,14433.0,1.091,1.087,0.0,1.164,0,0,0,0,0,0,0,0,0,0,0,0,0,0
2018,COMUNIDAD VALENCIANA,UVA DE MESA,UVA DE MESA,91.0,206.0,0.656,0.658,0.0,0.558,0,0,0,0,0,0,0,0,0,0,0,0,0,0
2018,COMUNIDAD VALENCIANA,UVA DE VINIFICACIÓN,VINO BLANCO DOP+IGP  (R(CE) 479/2008),47362.0,215993.0,46.03,49.65,0.0,45.65,0,0,0,0,0,0,0,0,0,0,0,0,0,0
2018,COMUNIDAD VALENCIANA,UVA DE VINIFICACIÓN,VINO BLANCO VARIETAL+OTROS (R(CE) 479/2008),47362.0,215993.0,51.74,0.0,0.0,51.74,0,0,0,0,0,0,0,0,0,0,0,0,0,0
2018,COMUNIDAD VALENCIANA,UVA DE VINIFICACIÓN,VINO TINTO Y ROSADO DOP+IGP (R(CE) 479/2008),47362.0,215993.0,60.07,71.1,0.0,56.73,0,0,0,0,0,0,0,0,0,0,0,0,0,0
2018,COMUNIDAD VALENCIANA,UVA DE VINIFICACIÓN,VINO TINTO Y ROSADO VARIETAL+OTROS (R(CE) 479/2008),47362.0,215993.0,58.27,64.45,0.0,57.73,0,0,0,0,0,0,0,0,0,0,0,0,0,0
2018,COMUNIDAD VALENCIANA,OLIVO,OLIVO,31862.0,38936.0,0.0,0.0,0.0,0.0,0,0,0,0,0,0,0,0,0,0,0,0,0,0
2018,COMUNIDAD VALENCIANA,ALGARROBA (GARROFA),ALGARROBA (GARROFA),8965.0,8186.0,0.0,0.0,0.0,0.0,0,0,0,0,0,0,0,0,0,0,0,0,0,0
2019,COMUNIDAD VALENCIANA,ARROZ,ARROZ CÁSCARA,15410.0,124734.0,0.313,0.0,0.0,0.313,0,0,0,0,0,0,0,0,0,0,0,0,0,0
2019,COMUNIDAD VALENCIANA,TRIGO,TRIGO,4663.0,7885.0,0.0,0.0,0.0,0.0,0,0,0,0,0,0,0,0,0,0,0,0,0,0
2019,COMUNIDAD VALENCIANA,CEBADA,CEBADA (2 carreras),14659.0,22978.0,0.176,0.176,0.176,0.176,0,0,0,0,0,0,0,0,0,0,0,0,0,0
2019,COMUNIDAD VALENCIANA,MAÍZ,MAÍZ GRANO,411.0,4099.0,0.177,0.177,0.177,0.177,0,0,0,0,0,0,0,0,0,0,0,0,0,0
2019,COMUNIDAD VALENCIANA,PATATA,PATATA EXTRATEMP Y TEMPRANA,2211.0,75359.0,0.379,0.382,0.445,0.369,0,0,0,0,0,0,0,0,0,0,0,0,0,0
2019,COMUNIDAD VALENCIANA,PATATA,PATATA MED ESTAC Y TARDIA,2211.0,75359.0,0.532,0.532,0.0,0.0,0,0,0,0,0,0,0,0,0,0,0,0,0,0
2019,COMUNIDAD VALENCIANA,CHUFA,CHUFA,655.0,10218.0,0.8,0.0,0.0,0.8,0,0,0,0,0,0,0,0,0,0,0,0,0,0
2019,COMUNIDAD VALENCIANA,ALCACHOFA,ALCACHOFA consumo fresco,4226.0,58878.0,0.816,0.803,0.743,0.899,0,0,0,0,0,0,0,0,0,0,0,0,0,0
2019,COMUNIDAD VALENCIANA,ALCACHOFA,ALCACHOFA industria,4226.0,58878.0,0.383,0.398,0.372,0.3,0,0,0,0,0,0,0,0,0,0,0,0,0,0
2019,COMUNIDAD VALENCIANA,BERENJENA,BERENJENA,250.0,12475.0,0.0,0.0,0.0,0.0,0,0,0,0,0,0,0,0,0,0,0,0,0,0
2019,COMUNIDAD VALENCIANA,BRÓCULI,BRÓCULI,2478.0,61607.0,0.0,0.0,0.0,0.0,0,0,0,0,0,0,0,0,0,0,0,0,0,0
2019,COMUNIDAD VALENCIANA,CEBOLLA,CEBOLLA,1861.0,91331.0,0.812,0.955,0.415,0.799,0,0,0,0,0,0,0,0,0,0,0,0,0,0
2019,COMUNIDAD VALENCIANA,COL Y REPOLLO,COL Y REPOLLO,1465.0,54126.0,0.0,0.0,0.0,0.0,0,0,0,0,0,0,0,0,0,0,0,0,0,0
2019,COMUNIDAD VALENCIANA,COLIFLOR,COLIFLOR,1392.0,34584.0,0.471,0.399,0.451,0.556,0,0,0,0,0,0,0,0,0,0,0,0,0,0
2019,COMUNIDAD VALENCIANA,ESCAROLA,ESCAROLA,550.0,15024.0,0.0,0.0,0.0,0.0,0,0,0,0,0,0,0,0,0,0,0,0,0,0
2019,COMUNIDAD VALENCIANA,ESPINACA,ESPINACA,493.0,11132.0,0.0,0.0,0.0,0.0,0,0,0,0,0,0,0,0,0,0,0,0,0,0
2019,COMUNIDAD VALENCIANA,HABAS VERDES,HABAS VERDES,654.0,6976.0,0.0,0.0,0.0,0.0,0,0,0,0,0,0,0,0,0,0,0,0,0,0
2019,COMUNIDAD VALENCIANA,JUDÍAS VERDES,JUDÍA VERDE (Plana),424.0,7082.0,2.551,2.829,2.606,2.139,0,0,0,0,0,0,0,0,0,0,0,0,0,0
2019,COMUNIDAD VALENCIANA,LECHUGA,LECHUGA TOTAL,1996.0,62551.0,0.243,0.243,0.216,0.264,0,0,0,0,0,0,0,0,0,0,0,0,0,0
2019,COMUNIDAD VALENCIANA,MELÓN,MELÓN,1540.0,43044.0,0.399,0.366,0.519,0.0,0,0,0,0,0,0,0,0,0,0,0,0,0,0
2019,COMUNIDAD VALENCIANA,PEPINO,PEPINO,149.0,6320.0,0.0,0.0,0.0,0.0,0,0,0,0,0,0,0,0,0,0,0,0,0,0
2019,COMUNIDAD VALENCIANA,PIMIENTO,PIMIENTO CONSUMO EN FRESCO,809.0,63876.0,0.762,0.778,0.81,0.729,0,0,0,0,0,0,0,0,0,0,0,0,0,0
2019,COMUNIDAD VALENCIANA,SANDÍA,SANDÍA,1630.0,73892.0,0.198,0.203,0.221,0.191,0,0,0,0,0,0,0,0,0,0,0,0,0,0
2019,COMUNIDAD VALENCIANA,TOMATE,TOMATE CONSUMO EN FRESCO,1139.0,73650.0,0.883,0.91,0.819,0.825,0,0,0,0,0,0,0,0,0,0,0,0,0,0
2019,COMUNIDAD VALENCIANA,ALFALFA,HENO DE ALFALFA,1677.0,74953.0,0.146,0.146,0.146,0.146,0,0,0,0,0,0,0,0,0,0,0,0,0,0
2019,COMUNIDAD VALENCIANA,FLORES (1),FLOR CORTADA CLAVELES (euros/docena),123.0,5688.0,1.416,1.416,0.0,0.0,0,0,0,0,0,0,0,0,0,0,0,0,0,0
2019,COMUNIDAD VALENCIANA,FLORES (1),FLOR CORTADA ROSAS (euros/docena),123.0,5688.0,5.855,5.146,0.0,8.547,0,0,0,0,0,0,0,0,0,0,0,0,0,0
2019,COMUNIDAD VALENCIANA,P. ORNAMENTAL (1),P. ORNAMENTAL (1),1896.0,85607.0,0.0,0.0,0.0,0.0,0,0,0,0,0,0,0,0,0,0,0,0,0,0
2019,COMUNIDAD VALENCIANA,NARANJO DULCE,NAVELINA,70344.0,1526942.0,0.186,0.154,0.2,0.19,0,0,0,0,0,0,0,0,0,0,0,0,0,0
2019,COMUNIDAD VALENCIANA,NARANJO DULCE,W. NAVEL,70344.0,1526942.0,0.168,0.139,0.163,0.173,0,0,0,0,0,0,0,0,0,0,0,0,0,0
2019,COMUNIDAD VALENCIANA,NARANJO DULCE,NAVEL LANE LATE,70344.0,1526942.0,0.156,0.129,0.176,0.163,0,0,0,0,0,0,0,0,0,0,0,0,0,0
2019,COMUNIDAD VALENCIANA,NARANJO DULCE,SALUSTIANA,70344.0,1526942.0,0.165,0.153,0.164,0.168,0,0,0,0,0,0,0,0,0,0,0,0,0,0
2019,COMUNIDAD VALENCIANA,NARANJO DULCE,VALENCIA LATE,70344.0,1526942.0,0.156,0.126,0.141,0.164,0,0,0,0,0,0,0,0,0,0,0,0,0,0
2019,COMUNIDAD VALENCIANA,MANDARINO,CLAUSELLINA-OKITSU,73068.0,1168389.0,0.233,0.214,0.198,0.235,0,0,0,0,0,0,0,0,0,0,0,0,0,0
2019,COMUNIDAD VALENCIANA,MANDARINO,SATSUMA-OWARI,73068.0,1168389.0,0.2,0.214,0.204,0.2,0,0,0,0,0,0,0,0,0,0,0,0,0,0
2019,COMUNIDAD VALENCIANA,MANDARINO,CLEMENRUBI,73068.0,1168389.0,0.453,0.523,0.483,0.436,0,0,0,0,0,0,0,0,0,0,0,0,0,0
2019,COMUNIDAD VALENCIANA,MANDARINO,MARISOL,73068.0,1168389.0,0.245,0.257,0.247,0.241,0,0,0,0,0,0,0,0,0,0,0,0,0,0
2019,COMUNIDAD VALENCIANA,MANDARINO,CLEMENTINA DE NULES,73068.0,1168389.0,0.304,0.276,0.311,0.297,0,0,0,0,0,0,0,0,0,0,0,0,0,0
2019,COMUNIDAD VALENCIANA,MANDARINO,CLEMENTINA HERNANDINA,73068.0,1168389.0,0.271,0.251,0.273,0.0,0,0,0,0,0,0,0,0,0,0,0,0,0,0
2019,COMUNIDAD VALENCIANA,MANDARINO,CLEMENVILLA O NOVA,73068.0,1168389.0,0.278,0.355,0.327,0.254,0,0,0,0,0,0,0,0,0,0,0,0,0,0
2019,COMUNIDAD VALENCIANA,MANDARINO,ORTANIQUE,73068.0,1168389.0,0.142,0.125,0.161,0.14,0,0,0,0,0,0,0,0,0,0,0,0,0,0
2019,COMUNIDAD VALENCIANA,MANDARINO,NADORCOTT,73068.0,1168389.0,0.535,0.496,0.599,0.552,0,0,0,0,0,0,0,0,0,0,0,0,0,0
2019,COMUNIDAD VALENCIANA,MANDARINO,OTRAS MANDARINAS HÍBRIDAS,73068.0,1168389.0,0.568,0.412,0.64,0.644,0,0,0,0,0,0,0,0,0,0,0,0,0,0
2019,COMUNIDAD VALENCIANA,LIMONERO,LIMÓN VERNA,13778.0,258890.0,0.308,0.308,0.0,0.0,0,0,0,0,0,0,0,0,0,0,0,0,0,0
2019,COMUNIDAD VALENCIANA,LIMONERO,LIMÓN FINO (Mesero),13778.0,258890.0,0.328,0.328,0.0,0.0,0,0,0,0,0,0,0,0,0,0,0,0,0,0
2019,COMUNIDAD VALENCIANA,MANZANA,MANZANA CONSUMO FRESCO,638.0,8441.0,0.686,0.686,0.0,0.0,0,0,0,0,0,0,0,0,0,0,0,0,0,0
2019,COMUNIDAD VALENCIANA,PERA,PERA CONSUMO EN FRESCO,371.0,4339.0,1.25,1.25,0.0,0.0,0,0,0,0,0,0,0,0,0,0,0,0,0,0
2019,COMUNIDAD VALENCIANA,NÍSPERO,NISPERO,1037.0,15845.0,1.037,1.051,0.806,0.0,0,0,0,0,0,0,0,0,0,0,0,0,0,0
2019,COMUNIDAD VALENCIANA,ALBARICOQUE,ALBARICOQUE CONSUMO EN FRESCO,3766.0,25306.0,0.499,0.717,0.0,0.43,0,0,0,0,0,0,0,0,0,0,0,0,0,0
2019,COMUNIDAD VALENCIANA,CEREZA,CEREZA,2678.0,6327.0,2.59,2.759,1.681,0.0,0,0,0,0,0,0,0,0,0,0,0,0,0,0
2019,COMUNIDAD VALENCIANA,MELOCOTÓN (3),MELOCOTÓN  CONSUMO EN FRESCO,4417.0,43905.0,0.46,0.0,0.0,0.46,0,0,0,0,0,0,0,0,0,0,0,0,0,0
2019,COMUNIDAD VALENCIANA,CIRUELA,CIRUELA,1594.0,12928.0,0.706,1.035,0.0,0.351,0,0,0,0,0,0,0,0,0,0,0,0,0,0
2019,COMUNIDAD VALENCIANA,GRANADA,GRANADA,3842.0,50977.0,0.497,0.497,0.0,0.0,0,0,0,0,0,0,0,0,0,0,0,0,0,0
2019,COMUNIDAD VALENCIANA,CAQUI,CAQUI,16101.0,431549.0,0.287,0.0,0.0,0.287,0,0,0,0,0,0,0,0,0,0,0,0,0,0
2019,COMUNIDAD VALENCIANA,AGUACATE,AGUACATE,1015.0,3380.0,0.0,0.0,0.0,0.0,0,0,0,0,0,0,0,0,0,0,0,0,0,0
2019,COMUNIDAD VALENCIANA,ALMENDRA,ALMENDRA CASCARA,92641.0,40875.0,1.339,1.321,1.284,1.406,0,0,0,0,0,0,0,0,0,0,0,0,0,0
2019,COMUNIDAD VALENCIANA,UVA DE MESA,UVA DE MESA,5457.0,90203.0,0.472,0.472,0.0,0.0,0,0,0,0,0,0,0,0,0,0,0,0,0,0
2019,COMUNIDAD VALENCIANA,UVA DE VINIFICACIÓN,VINO BLANCO DOP+IGP  (R(CE) 479/2008),58688.0,342124.0,54.53,27.8,0.0,57.79,0,0,0,0,0,0,0,0,0,0,0,0,0,0
2019,COMUNIDAD VALENCIANA,UVA DE VINIFICACIÓN,VINO BLANCO VARIETAL+OTROS (R(CE) 479/2008),58688.0,342124.0,40.2,0.0,0.0,40.2,0,0,0,0,0,0,0,0,0,0,0,0,0,0
2019,COMUNIDAD VALENCIANA,UVA DE VINIFICACIÓN,VINO TINTO Y ROSADO DOP+IGP (R(CE) 479/2008),58688.0,342124.0,42.77,38.8,0.0,43.54,0,0,0,0,0,0,0,0,0,0,0,0,0,0
2019,COMUNIDAD VALENCIANA,UVA DE VINIFICACIÓN,VINO TINTO Y ROSADO VARIETAL+OTROS (R(CE) 479/2008),58688.0,342124.0,43.95,34.8,0.0,44.37,0,0,0,0,0,0,0,0,0,0,0,0,0,0
2019,COMUNIDAD VALENCIANA,OLIVO,OLIVO,93741.0,123740.0,0.0,0.0,0.0,0.0,0,0,0,0,0,0,0,0,0,0,0,0,0,0
2019,COMUNIDAD VALENCIANA,ALGARROBA (GARROFA),ALGARROBA (GARROFA),17333.0,8042.0,0.0,0.0,0.0,0.0,0,0,0,0,0,0,0,0,0,0,0,0,0,0
2019,COMUNIDAD VALENCIANA,ARROZ,ARROZ CÁSCARA,421.0,1263.0,0.313,0.0,0.0,0.313,0,0,0,0,0,0,0,0,0,0,0,0,0,0
2019,COMUNIDAD VALENCIANA,TRIGO,TRIGO,1355.0,2830.0,0.0,0.0,0.0,0.0,0,0,0,0,0,0,0,0,0,0,0,0,0,0
2019,COMUNIDAD VALENCIANA,CEBADA,CEBADA (2 carreras),2831.0,4306.0,0.176,0.176,0.176,0.176,0,0,0,0,0,0,0,0,0,0,0,0,0,0
2019,COMUNIDAD VALENCIANA,MAÍZ,MAÍZ GRANO,137.0,1496.0,0.177,0.177,0.177,0.177,0,0,0,0,0,0,0,0,0,0,0,0,0,0
2019,COMUNIDAD VALENCIANA,PATATA,PATATA EXTRATEMP Y TEMPRANA,771.0,22744.0,0.379,0.382,0.445,0.369,0,0,0,0,0,0,0,0,0,0,0,0,0,0
2019,COMUNIDAD VALENCIANA,PATATA,PATATA MED ESTAC Y TARDIA,771.0,22744.0,0.532,0.532,0.0,0.0,0,0,0,0,0,0,0,0,0,0,0,0,0,0
2019,COMUNIDAD VALENCIANA,CHUFA,CHUFA,0.0,0.0,0.8,0.0,0.0,0.8,0,0,0,0,0,0,0,0,0,0,0,0,0,0
2019,COMUNIDAD VALENCIANA,ALCACHOFA,ALCACHOFA consumo fresco,2150.0,29670.0,0.816,0.803,0.743,0.899,0,0,0,0,0,0,0,0,0,0,0,0,0,0
2019,COMUNIDAD VALENCIANA,ALCACHOFA,ALCACHOFA industria,2150.0,29670.0,0.383,0.398,0.372,0.3,0,0,0,0,0,0,0,0,0,0,0,0,0,0
2019,COMUNIDAD VALENCIANA,BERENJENA,BERENJENA,63.0,3095.0,0.0,0.0,0.0,0.0,0,0,0,0,0,0,0,0,0,0,0,0,0,0
2019,COMUNIDAD VALENCIANA,BRÓCULI,BRÓCULI,2410.0,60250.0,0.0,0.0,0.0,0.0,0,0,0,0,0,0,0,0,0,0,0,0,0,0
2019,COMUNIDAD VALENCIANA,CEBOLLA,CEBOLLA,460.0,17250.0,0.812,0.955,0.415,0.799,0,0,0,0,0,0,0,0,0,0,0,0,0,0
2019,COMUNIDAD VALENCIANA,COL Y REPOLLO,COL Y REPOLLO,230.0,6530.0,0.0,0.0,0.0,0.0,0,0,0,0,0,0,0,0,0,0,0,0,0,0
2019,COMUNIDAD VALENCIANA,COLIFLOR,COLIFLOR,475.0,11875.0,0.471,0.399,0.451,0.556,0,0,0,0,0,0,0,0,0,0,0,0,0,0
2019,COMUNIDAD VALENCIANA,ESCAROLA,ESCAROLA,220.0,6600.0,0.0,0.0,0.0,0.0,0,0,0,0,0,0,0,0,0,0,0,0,0,0
2019,COMUNIDAD VALENCIANA,ESPINACA,ESPINACA,287.0,7395.0,0.0,0.0,0.0,0.0,0,0,0,0,0,0,0,0,0,0,0,0,0,0
2019,COMUNIDAD VALENCIANA,HABAS VERDES,HABAS VERDES,490.0,5880.0,0.0,0.0,0.0,0.0,0,0,0,0,0,0,0,0,0,0,0,0,0,0
2019,COMUNIDAD VALENCIANA,JUDÍAS VERDES,JUDÍA VERDE (Plana),51.0,612.0,2.551,2.829,2.606,2.139,0,0,0,0,0,0,0,0,0,0,0,0,0,0
2019,COMUNIDAD VALENCIANA,LECHUGA,LECHUGA TOTAL,1182.0,33826.0,0.243,0.243,0.216,0.264,0,0,0,0,0,0,0,0,0,0,0,0,0,0
2019,COMUNIDAD VALENCIANA,MELÓN,MELÓN,1135.0,32367.0,0.399,0.366,0.519,0.0,0,0,0,0,0,0,0,0,0,0,0,0,0,0
2019,COMUNIDAD VALENCIANA,PEPINO,PEPINO,60.0,2900.0,0.0,0.0,0.0,0.0,0,0,0,0,0,0,0,0,0,0,0,0,0,0
2019,COMUNIDAD VALENCIANA,PIMIENTO,PIMIENTO CONSUMO EN FRESCO,326.0,37700.0,0.762,0.778,0.81,0.729,0,0,0,0,0,0,0,0,0,0,0,0,0,0
2019,COMUNIDAD VALENCIANA,SANDÍA,SANDÍA,355.0,17750.0,0.198,0.203,0.221,0.191,0,0,0,0,0,0,0,0,0,0,0,0,0,0
2019,COMUNIDAD VALENCIANA,TOMATE,TOMATE CONSUMO EN FRESCO,455.0,49375.0,0.883,0.91,0.819,0.825,0,0,0,0,0,0,0,0,0,0,0,0,0,0
2019,COMUNIDAD VALENCIANA,ALFALFA,HENO DE ALFALFA,1044.0,67565.0,0.146,0.146,0.146,0.146,0,0,0,0,0,0,0,0,0,0,0,0,0,0
2019,COMUNIDAD VALENCIANA,FLORES (1),FLOR CORTADA CLAVELES (euros/docena),99.0,4806.0,1.416,1.416,0.0,0.0,0,0,0,0,0,0,0,0,0,0,0,0,0,0
2019,COMUNIDAD VALENCIANA,FLORES (1),FLOR CORTADA ROSAS (euros/docena),99.0,4806.0,5.855,5.146,0.0,8.547,0,0,0,0,0,0,0,0,0,0,0,0,0,0
2019,COMUNIDAD VALENCIANA,P. ORNAMENTAL (1),P. ORNAMENTAL (1),462.0,23742.0,0.0,0.0,0.0,0.0,0,0,0,0,0,0,0,0,0,0,0,0,0,0
2019,COMUNIDAD VALENCIANA,NARANJO DULCE,NAVELINA,11182.0,230300.0,0.186,0.154,0.2,0.19,0,0,0,0,0,0,0,0,0,0,0,0,0,0
2019,COMUNIDAD VALENCIANA,NARANJO DULCE,W. NAVEL,11182.0,230300.0,0.168,0.139,0.163,0.173,0,0,0,0,0,0,0,0,0,0,0,0,0,0
2019,COMUNIDAD VALENCIANA,NARANJO DULCE,NAVEL LANE LATE,11182.0,230300.0,0.156,0.129,0.176,0.163,0,0,0,0,0,0,0,0,0,0,0,0,0,0
2019,COMUNIDAD VALENCIANA,NARANJO DULCE,SALUSTIANA,11182.0,230300.0,0.165,0.153,0.164,0.168,0,0,0,0,0,0,0,0,0,0,0,0,0,0
2019,COMUNIDAD VALENCIANA,NARANJO DULCE,VALENCIA LATE,11182.0,230300.0,0.156,0.126,0.141,0.164,0,0,0,0,0,0,0,0,0,0,0,0,0,0
2019,COMUNIDAD VALENCIANA,MANDARINO,CLAUSELLINA-OKITSU,6954.0,120285.0,0.233,0.214,0.198,0.235,0,0,0,0,0,0,0,0,0,0,0,0,0,0
2019,COMUNIDAD VALENCIANA,MANDARINO,SATSUMA-OWARI,6954.0,120285.0,0.2,0.214,0.204,0.2,0,0,0,0,0,0,0,0,0,0,0,0,0,0
2019,COMUNIDAD VALENCIANA,MANDARINO,CLEMENRUBI,6954.0,120285.0,0.453,0.523,0.483,0.436,0,0,0,0,0,0,0,0,0,0,0,0,0,0
2019,COMUNIDAD VALENCIANA,MANDARINO,MARISOL,6954.0,120285.0,0.245,0.257,0.247,0.241,0,0,0,0,0,0,0,0,0,0,0,0,0,0
2019,COMUNIDAD VALENCIANA,MANDARINO,CLEMENTINA DE NULES,6954.0,120285.0,0.304,0.276,0.311,0.297,0,0,0,0,0,0,0,0,0,0,0,0,0,0
2019,COMUNIDAD VALENCIANA,MANDARINO,CLEMENTINA HERNANDINA,6954.0,120285.0,0.271,0.251,0.273,0.0,0,0,0,0,0,0,0,0,0,0,0,0,0,0
2019,COMUNIDAD VALENCIANA,MANDARINO,CLEMENVILLA O NOVA,6954.0,120285.0,0.278,0.355,0.327,0.254,0,0,0,0,0,0,0,0,0,0,0,0,0,0
2019,COMUNIDAD VALENCIANA,MANDARINO,ORTANIQUE,6954.0,120285.0,0.142,0.125,0.161,0.14,0,0,0,0,0,0,0,0,0,0,0,0,0,0
2019,COMUNIDAD VALENCIANA,MANDARINO,NADORCOTT,6954.0,120285.0,0.535,0.496,0.599,0.552,0,0,0,0,0,0,0,0,0,0,0,0,0,0
2019,COMUNIDAD VALENCIANA,MANDARINO,OTRAS MANDARINAS HÍBRIDAS,6954.0,120285.0,0.568,0.412,0.64,0.644,0,0,0,0,0,0,0,0,0,0,0,0,0,0
2019,COMUNIDAD VALENCIANA,LIMONERO,LIMÓN VERNA,13584.0,257000.0,0.308,0.308,0.0,0.0,0,0,0,0,0,0,0,0,0,0,0,0,0,0
2019,COMUNIDAD VALENCIANA,LIMONERO,LIMÓN FINO (Mesero),13584.0,257000.0,0.328,0.328,0.0,0.0,0,0,0,0,0,0,0,0,0,0,0,0,0,0
2019,COMUNIDAD VALENCIANA,MANZANA,MANZANA CONSUMO FRESCO,458.0,7126.0,0.686,0.686,0.0,0.0,0,0,0,0,0,0,0,0,0,0,0,0,0,0
2019,COMUNIDAD VALENCIANA,PERA,PERA CONSUMO EN FRESCO,180.0,2272.0,1.25,1.25,0.0,0.0,0,0,0,0,0,0,0,0,0,0,0,0,0,0
2019,COMUNIDAD VALENCIANA,NÍSPERO,NISPERO,818.0,14916.0,1.037,1.051,0.806,0.0,0,0,0,0,0,0,0,0,0,0,0,0,0,0
2019,COMUNIDAD VALENCIANA,ALBARICOQUE,ALBARICOQUE CONSUMO EN FRESCO,606.0,3470.0,0.499,0.717,0.0,0.43,0,0,0,0,0,0,0,0,0,0,0,0,0,0
2019,COMUNIDAD VALENCIANA,CEREZA,CEREZA,2029.0,5254.0,2.59,2.759,1.681,0.0,0,0,0,0,0,0,0,0,0,0,0,0,0,0
2019,COMUNIDAD VALENCIANA,MELOCOTÓN (3),MELOCOTÓN  CONSUMO EN FRESCO,485.0,3392.0,0.46,0.0,0.0,0.46,0,0,0,0,0,0,0,0,0,0,0,0,0,0
2019,COMUNIDAD VALENCIANA,CIRUELA,CIRUELA,356.0,2807.0,0.706,1.035,0.0,0.351,0,0,0,0,0,0,0,0,0,0,0,0,0,0
2019,COMUNIDAD VALENCIANA,GRANADA,GRANADA,3075.0,43584.0,0.497,0.497,0.0,0.0,0,0,0,0,0,0,0,0,0,0,0,0,0,0
2019,COMUNIDAD VALENCIANA,CAQUI,CAQUI,78.0,390.0,0.287,0.0,0.0,0.287,0,0,0,0,0,0,0,0,0,0,0,0,0,0
2019,COMUNIDAD VALENCIANA,AGUACATE,AGUACATE,284.0,1728.0,0.0,0.0,0.0,0.0,0,0,0,0,0,0,0,0,0,0,0,0,0,0
2019,COMUNIDAD VALENCIANA,ALMENDRA,ALMENDRA CASCARA,22556.0,15031.0,1.339,1.321,1.284,1.406,0,0,0,0,0,0,0,0,0,0,0,0,0,0
2019,COMUNIDAD VALENCIANA,UVA DE MESA,UVA DE MESA,5278.0,89759.0,0.472,0.472,0.0,0.0,0,0,0,0,0,0,0,0,0,0,0,0,0,0
2019,COMUNIDAD VALENCIANA,UVA DE VINIFICACIÓN,VINO BLANCO DOP+IGP  (R(CE) 479/2008),10516.0,34211.0,54.53,27.8,0.0,57.79,0,0,0,0,0,0,0,0,0,0,0,0,0,0
2019,COMUNIDAD VALENCIANA,UVA DE VINIFICACIÓN,VINO BLANCO VARIETAL+OTROS (R(CE) 479/2008),10516.0,34211.0,40.2,0.0,0.0,40.2,0,0,0,0,0,0,0,0,0,0,0,0,0,0
2019,COMUNIDAD VALENCIANA,UVA DE VINIFICACIÓN,VINO TINTO Y ROSADO DOP+IGP (R(CE) 479/2008),10516.0,34211.0,42.77,38.8,0.0,43.54,0,0,0,0,0,0,0,0,0,0,0,0,0,0
2019,COMUNIDAD VALENCIANA,UVA DE VINIFICACIÓN,VINO TINTO Y ROSADO VARIETAL+OTROS (R(CE) 479/2008),10516.0,34211.0,43.95,34.8,0.0,44.37,0,0,0,0,0,0,0,0,0,0,0,0,0,0
2019,COMUNIDAD VALENCIANA,OLIVO,OLIVO,28766.0,44259.0,0.0,0.0,0.0,0.0,0,0,0,0,0,0,0,0,0,0,0,0,0,0
2019,COMUNIDAD VALENCIANA,ALGARROBA (GARROFA),ALGARROBA (GARROFA),755.0,632.0,0.0,0.0,0.0,0.0,0,0,0,0,0,0,0,0,0,0,0,0,0,0
2019,COMUNIDAD VALENCIANA,ARROZ,ARROZ CÁSCARA,153.0,1193.0,0.313,0.0,0.0,0.313,0,0,0,0,0,0,0,0,0,0,0,0,0,0
2019,COMUNIDAD VALENCIANA,TRIGO,TRIGO,776.0,1282.0,0.0,0.0,0.0,0.0,0,0,0,0,0,0,0,0,0,0,0,0,0,0
2019,COMUNIDAD VALENCIANA,CEBADA,CEBADA (2 carreras),3321.0,4781.0,0.176,0.176,0.176,0.176,0,0,0,0,0,0,0,0,0,0,0,0,0,0
2019,COMUNIDAD VALENCIANA,MAÍZ,MAÍZ GRANO,121.0,384.0,0.177,0.177,0.177,0.177,0,0,0,0,0,0,0,0,0,0,0,0,0,0
2019,COMUNIDAD VALENCIANA,PATATA,PATATA EXTRATEMP Y TEMPRANA,444.0,11980.0,0.379,0.382,0.445,0.369,0,0,0,0,0,0,0,0,0,0,0,0,0,0
2019,COMUNIDAD VALENCIANA,PATATA,PATATA MED ESTAC Y TARDIA,444.0,11980.0,0.532,0.532,0.0,0.0,0,0,0,0,0,0,0,0,0,0,0,0,0,0
2019,COMUNIDAD VALENCIANA,CHUFA,CHUFA,0.0,0.0,0.8,0.0,0.0,0.8,0,0,0,0,0,0,0,0,0,0,0,0,0,0
2019,COMUNIDAD VALENCIANA,ALCACHOFA,ALCACHOFA consumo fresco,1045.0,13255.0,0.816,0.803,0.743,0.899,0,0,0,0,0,0,0,0,0,0,0,0,0,0
2019,COMUNIDAD VALENCIANA,ALCACHOFA,ALCACHOFA industria,1045.0,13255.0,0.383,0.398,0.372,0.3,0,0,0,0,0,0,0,0,0,0,0,0,0,0
2019,COMUNIDAD VALENCIANA,BERENJENA,BERENJENA,70.0,2009.0,0.0,0.0,0.0,0.0,0,0,0,0,0,0,0,0,0,0,0,0,0,0
2019,COMUNIDAD VALENCIANA,BRÓCULI,BRÓCULI,68.0,1357.0,0.0,0.0,0.0,0.0,0,0,0,0,0,0,0,0,0,0,0,0,0,0
2019,COMUNIDAD VALENCIANA,CEBOLLA,CEBOLLA,262.0,5741.0,0.812,0.955,0.415,0.799,0,0,0,0,0,0,0,0,0,0,0,0,0,0
2019,COMUNIDAD VALENCIANA,COL Y REPOLLO,COL Y REPOLLO,393.0,12869.0,0.0,0.0,0.0,0.0,0,0,0,0,0,0,0,0,0,0,0,0,0,0
2019,COMUNIDAD VALENCIANA,COLIFLOR,COLIFLOR,412.0,9579.0,0.471,0.399,0.451,0.556,0,0,0,0,0,0,0,0,0,0,0,0,0,0
2019,COMUNIDAD VALENCIANA,ESCAROLA,ESCAROLA,235.0,5288.0,0.0,0.0,0.0,0.0,0,0,0,0,0,0,0,0,0,0,0,0,0,0
2019,COMUNIDAD VALENCIANA,ESPINACA,ESPINACA,13.0,263.0,0.0,0.0,0.0,0.0,0,0,0,0,0,0,0,0,0,0,0,0,0,0
2019,COMUNIDAD VALENCIANA,HABAS VERDES,HABAS VERDES,69.0,621.0,0.0,0.0,0.0,0.0,0,0,0,0,0,0,0,0,0,0,0,0,0,0
2019,COMUNIDAD VALENCIANA,JUDÍAS VERDES,JUDÍA VERDE (Plana),279.0,5154.0,2.551,2.829,2.606,2.139,0,0,0,0,0,0,0,0,0,0,0,0,0,0
2019,COMUNIDAD VALENCIANA,LECHUGA,LECHUGA TOTAL,379.0,9150.0,0.243,0.243,0.216,0.264,0,0,0,0,0,0,0,0,0,0,0,0,0,0
2019,COMUNIDAD VALENCIANA,MELÓN,MELÓN,299.0,6871.0,0.399,0.366,0.519,0.0,0,0,0,0,0,0,0,0,0,0,0,0,0,0
2019,COMUNIDAD VALENCIANA,PEPINO,PEPINO,66.0,2075.0,0.0,0.0,0.0,0.0,0,0,0,0,0,0,0,0,0,0,0,0,0,0
2019,COMUNIDAD VALENCIANA,PIMIENTO,PIMIENTO CONSUMO EN FRESCO,131.0,3296.0,0.762,0.778,0.81,0.729,0,0,0,0,0,0,0,0,0,0,0,0,0,0
2019,COMUNIDAD VALENCIANA,SANDÍA,SANDÍA,461.0,11372.0,0.198,0.203,0.221,0.191,0,0,0,0,0,0,0,0,0,0,0,0,0,0
2019,COMUNIDAD VALENCIANA,TOMATE,TOMATE CONSUMO EN FRESCO,510.0,16298.0,0.883,0.91,0.819,0.825,0,0,0,0,0,0,0,0,0,0,0,0,0,0
2019,COMUNIDAD VALENCIANA,ALFALFA,HENO DE ALFALFA,339.0,5944.0,0.146,0.146,0.146,0.146,0,0,0,0,0,0,0,0,0,0,0,0,0,0
2019,COMUNIDAD VALENCIANA,FLORES (1),FLOR CORTADA CLAVELES (euros/docena),5.0,228.0,1.416,1.416,0.0,0.0,0,0,0,0,0,0,0,0,0,0,0,0,0,0
2019,COMUNIDAD VALENCIANA,FLORES (1),FLOR CORTADA ROSAS (euros/docena),5.0,228.0,5.855,5.146,0.0,8.547,0,0,0,0,0,0,0,0,0,0,0,0,0,0
2019,COMUNIDAD VALENCIANA,P. ORNAMENTAL (1),P. ORNAMENTAL (1),174.0,25808.0,0.0,0.0,0.0,0.0,0,0,0,0,0,0,0,0,0,0,0,0,0,0
2019,COMUNIDAD VALENCIANA,NARANJO DULCE,NAVELINA,6388.0,113342.0,0.186,0.154,0.2,0.19,0,0,0,0,0,0,0,0,0,0,0,0,0,0
2019,COMUNIDAD VALENCIANA,NARANJO DULCE,W. NAVEL,6388.0,113342.0,0.168,0.139,0.163,0.173,0,0,0,0,0,0,0,0,0,0,0,0,0,0
2019,COMUNIDAD VALENCIANA,NARANJO DULCE,NAVEL LANE LATE,6388.0,113342.0,0.156,0.129,0.176,0.163,0,0,0,0,0,0,0,0,0,0,0,0,0,0
2019,COMUNIDAD VALENCIANA,NARANJO DULCE,SALUSTIANA,6388.0,113342.0,0.165,0.153,0.164,0.168,0,0,0,0,0,0,0,0,0,0,0,0,0,0
2019,COMUNIDAD VALENCIANA,NARANJO DULCE,VALENCIA LATE,6388.0,113342.0,0.156,0.126,0.141,0.164,0,0,0,0,0,0,0,0,0,0,0,0,0,0
2019,COMUNIDAD VALENCIANA,MANDARINO,CLAUSELLINA-OKITSU,27421.0,428810.0,0.233,0.214,0.198,0.235,0,0,0,0,0,0,0,0,0,0,0,0,0,0
2019,COMUNIDAD VALENCIANA,MANDARINO,SATSUMA-OWARI,27421.0,428810.0,0.2,0.214,0.204,0.2,0,0,0,0,0,0,0,0,0,0,0,0,0,0
2019,COMUNIDAD VALENCIANA,MANDARINO,CLEMENRUBI,27421.0,428810.0,0.453,0.523,0.483,0.436,0,0,0,0,0,0,0,0,0,0,0,0,0,0
2019,COMUNIDAD VALENCIANA,MANDARINO,MARISOL,27421.0,428810.0,0.245,0.257,0.247,0.241,0,0,0,0,0,0,0,0,0,0,0,0,0,0
2019,COMUNIDAD VALENCIANA,MANDARINO,CLEMENTINA DE NULES,27421.0,428810.0,0.304,0.276,0.311,0.297,0,0,0,0,0,0,0,0,0,0,0,0,0,0
2019,COMUNIDAD VALENCIANA,MANDARINO,CLEMENTINA HERNANDINA,27421.0,428810.0,0.271,0.251,0.273,0.0,0,0,0,0,0,0,0,0,0,0,0,0,0,0
2019,COMUNIDAD VALENCIANA,MANDARINO,CLEMENVILLA O NOVA,27421.0,428810.0,0.278,0.355,0.327,0.254,0,0,0,0,0,0,0,0,0,0,0,0,0,0
2019,COMUNIDAD VALENCIANA,MANDARINO,ORTANIQUE,27421.0,428810.0,0.142,0.125,0.161,0.14,0,0,0,0,0,0,0,0,0,0,0,0,0,0
2019,COMUNIDAD VALENCIANA,MANDARINO,NADORCOTT,27421.0,428810.0,0.535,0.496,0.599,0.552,0,0,0,0,0,0,0,0,0,0,0,0,0,0
2019,COMUNIDAD VALENCIANA,MANDARINO,OTRAS MANDARINAS HÍBRIDAS,27421.0,428810.0,0.568,0.412,0.64,0.644,0,0,0,0,0,0,0,0,0,0,0,0,0,0
2019,COMUNIDAD VALENCIANA,LIMONERO,LIMÓN VERNA,70.0,330.0,0.308,0.308,0.0,0.0,0,0,0,0,0,0,0,0,0,0,0,0,0,0
2019,COMUNIDAD VALENCIANA,LIMONERO,LIMÓN FINO (Mesero),70.0,330.0,0.328,0.328,0.0,0.0,0,0,0,0,0,0,0,0,0,0,0,0,0,0
2019,COMUNIDAD VALENCIANA,MANZANA,MANZANA CONSUMO FRESCO,75.0,641.0,0.686,0.686,0.0,0.0,0,0,0,0,0,0,0,0,0,0,0,0,0,0
2019,COMUNIDAD VALENCIANA,PERA,PERA CONSUMO EN FRESCO,149.0,1510.0,1.25,1.25,0.0,0.0,0,0,0,0,0,0,0,0,0,0,0,0,0,0
2019,COMUNIDAD VALENCIANA,NÍSPERO,NISPERO,153.0,707.0,1.037,1.051,0.806,0.0,0,0,0,0,0,0,0,0,0,0,0,0,0,0
2019,COMUNIDAD VALENCIANA,ALBARICOQUE,ALBARICOQUE CONSUMO EN FRESCO,190.0,940.0,0.499,0.717,0.0,0.43,0,0,0,0,0,0,0,0,0,0,0,0,0,0
2019,COMUNIDAD VALENCIANA,CEREZA,CEREZA,562.0,965.0,2.59,2.759,1.681,0.0,0,0,0,0,0,0,0,0,0,0,0,0,0,0
2019,COMUNIDAD VALENCIANA,MELOCOTÓN (3),MELOCOTÓN  CONSUMO EN FRESCO,362.0,2036.0,0.46,0.0,0.0,0.46,0,0,0,0,0,0,0,0,0,0,0,0,0,0
2019,COMUNIDAD VALENCIANA,CIRUELA,CIRUELA,101.0,653.0,0.706,1.035,0.0,0.351,0,0,0,0,0,0,0,0,0,0,0,0,0,0
2019,COMUNIDAD VALENCIANA,GRANADA,GRANADA,95.0,261.0,0.497,0.497,0.0,0.0,0,0,0,0,0,0,0,0,0,0,0,0,0,0
2019,COMUNIDAD VALENCIANA,CAQUI,CAQUI,205.0,2385.0,0.287,0.0,0.0,0.287,0,0,0,0,0,0,0,0,0,0,0,0,0,0
2019,COMUNIDAD VALENCIANA,AGUACATE,AGUACATE,188.0,165.0,0.0,0.0,0.0,0.0,0,0,0,0,0,0,0,0,0,0,0,0,0,0
2019,COMUNIDAD VALENCIANA,ALMENDRA,ALMENDRA CASCARA,36648.0,9548.0,1.339,1.321,1.284,1.406,0,0,0,0,0,0,0,0,0,0,0,0,0,0
2019,COMUNIDAD VALENCIANA,UVA DE MESA,UVA DE MESA,88.0,228.0,0.472,0.472,0.0,0.0,0,0,0,0,0,0,0,0,0,0,0,0,0,0
2019,COMUNIDAD VALENCIANA,UVA DE VINIFICACIÓN,VINO BLANCO DOP+IGP  (R(CE) 479/2008),770.0,1470.0,54.53,27.8,0.0,57.79,0,0,0,0,0,0,0,0,0,0,0,0,0,0
2019,COMUNIDAD VALENCIANA,UVA DE VINIFICACIÓN,VINO BLANCO VARIETAL+OTROS (R(CE) 479/2008),770.0,1470.0,40.2,0.0,0.0,40.2,0,0,0,0,0,0,0,0,0,0,0,0,0,0
2019,COMUNIDAD VALENCIANA,UVA DE VINIFICACIÓN,VINO TINTO Y ROSADO DOP+IGP (R(CE) 479/2008),770.0,1470.0,42.77,38.8,0.0,43.54,0,0,0,0,0,0,0,0,0,0,0,0,0,0
2019,COMUNIDAD VALENCIANA,UVA DE VINIFICACIÓN,VINO TINTO Y ROSADO VARIETAL+OTROS (R(CE) 479/2008),770.0,1470.0,43.95,34.8,0.0,44.37,0,0,0,0,0,0,0,0,0,0,0,0,0,0
2019,COMUNIDAD VALENCIANA,OLIVO,OLIVO,32930.0,42683.0,0.0,0.0,0.0,0.0,0,0,0,0,0,0,0,0,0,0,0,0,0,0
2019,COMUNIDAD VALENCIANA,ALGARROBA (GARROFA),ALGARROBA (GARROFA),7777.0,3487.0,0.0,0.0,0.0,0.0,0,0,0,0,0,0,0,0,0,0,0,0,0,0
2019,COMUNIDAD VALENCIANA,ARROZ,ARROZ CÁSCARA,14836.0,122278.0,0.313,0.0,0.0,0.313,0,0,0,0,0,0,0,0,0,0,0,0,0,0
2019,COMUNIDAD VALENCIANA,TRIGO,TRIGO,2532.0,3773.0,0.0,0.0,0.0,0.0,0,0,0,0,0,0,0,0,0,0,0,0,0,0
2019,COMUNIDAD VALENCIANA,CEBADA,CEBADA (2 carreras),8507.0,13891.0,0.176,0.176,0.176,0.176,0,0,0,0,0,0,0,0,0,0,0,0,0,0
2019,COMUNIDAD VALENCIANA,MAÍZ,MAÍZ GRANO,153.0,2219.0,0.177,0.177,0.177,0.177,0,0,0,0,0,0,0,0,0,0,0,0,0,0
2019,COMUNIDAD VALENCIANA,PATATA,PATATA EXTRATEMP Y TEMPRANA,996.0,40635.0,0.379,0.382,0.445,0.369,0,0,0,0,0,0,0,0,0,0,0,0,0,0
2019,COMUNIDAD VALENCIANA,PATATA,PATATA MED ESTAC Y TARDIA,996.0,40635.0,0.532,0.532,0.0,0.0,0,0,0,0,0,0,0,0,0,0,0,0,0,0
2019,COMUNIDAD VALENCIANA,CHUFA,CHUFA,655.0,10218.0,0.8,0.0,0.0,0.8,0,0,0,0,0,0,0,0,0,0,0,0,0,0
2019,COMUNIDAD VALENCIANA,ALCACHOFA,ALCACHOFA consumo fresco,1031.0,15953.0,0.816,0.803,0.743,0.899,0,0,0,0,0,0,0,0,0,0,0,0,0,0
2019,COMUNIDAD VALENCIANA,ALCACHOFA,ALCACHOFA industria,1031.0,15953.0,0.383,0.398,0.372,0.3,0,0,0,0,0,0,0,0,0,0,0,0,0,0
2019,COMUNIDAD VALENCIANA,BERENJENA,BERENJENA,117.0,7371.0,0.0,0.0,0.0,0.0,0,0,0,0,0,0,0,0,0,0,0,0,0,0
2019,COMUNIDAD VALENCIANA,BRÓCULI,BRÓCULI,0.0,0.0,0.0,0.0,0.0,0.0,0,0,0,0,0,0,0,0,0,0,0,0,0,0
2019,COMUNIDAD VALENCIANA,CEBOLLA,CEBOLLA,1139.0,68340.0,0.812,0.955,0.415,0.799,0,0,0,0,0,0,0,0,0,0,0,0,0,0
2019,COMUNIDAD VALENCIANA,COL Y REPOLLO,COL Y REPOLLO,842.0,34727.0,0.0,0.0,0.0,0.0,0,0,0,0,0,0,0,0,0,0,0,0,0,0
2019,COMUNIDAD VALENCIANA,COLIFLOR,COLIFLOR,505.0,13130.0,0.471,0.399,0.451,0.556,0,0,0,0,0,0,0,0,0,0,0,0,0,0
2019,COMUNIDAD VALENCIANA,ESCAROLA,ESCAROLA,95.0,3136.0,0.0,0.0,0.0,0.0,0,0,0,0,0,0,0,0,0,0,0,0,0,0
2019,COMUNIDAD VALENCIANA,ESPINACA,ESPINACA,193.0,3474.0,0.0,0.0,0.0,0.0,0,0,0,0,0,0,0,0,0,0,0,0,0,0
2019,COMUNIDAD VALENCIANA,HABAS VERDES,HABAS VERDES,95.0,475.0,0.0,0.0,0.0,0.0,0,0,0,0,0,0,0,0,0,0,0,0,0,0
2019,COMUNIDAD VALENCIANA,JUDÍAS VERDES,JUDÍA VERDE (Plana),94.0,1316.0,2.551,2.829,2.606,2.139,0,0,0,0,0,0,0,0,0,0,0,0,0,0
2019,COMUNIDAD VALENCIANA,LECHUGA,LECHUGA TOTAL,435.0,19575.0,0.243,0.243,0.216,0.264,0,0,0,0,0,0,0,0,0,0,0,0,0,0
2019,COMUNIDAD VALENCIANA,MELÓN,MELÓN,106.0,3806.0,0.399,0.366,0.519,0.0,0,0,0,0,0,0,0,0,0,0,0,0,0,0
2019,COMUNIDAD VALENCIANA,PEPINO,PEPINO,23.0,1345.0,0.0,0.0,0.0,0.0,0,0,0,0,0,0,0,0,0,0,0,0,0,0
2019,COMUNIDAD VALENCIANA,PIMIENTO,PIMIENTO CONSUMO EN FRESCO,352.0,22880.0,0.762,0.778,0.81,0.729,0,0,0,0,0,0,0,0,0,0,0,0,0,0
2019,COMUNIDAD VALENCIANA,SANDÍA,SANDÍA,814.0,44770.0,0.198,0.203,0.221,0.191,0,0,0,0,0,0,0,0,0,0,0,0,0,0
2019,COMUNIDAD VALENCIANA,TOMATE,TOMATE CONSUMO EN FRESCO,174.0,7977.0,0.883,0.91,0.819,0.825,0,0,0,0,0,0,0,0,0,0,0,0,0,0
2019,COMUNIDAD VALENCIANA,ALFALFA,HENO DE ALFALFA,294.0,1444.0,0.146,0.146,0.146,0.146,0,0,0,0,0,0,0,0,0,0,0,0,0,0
2019,COMUNIDAD VALENCIANA,FLORES (1),FLOR CORTADA CLAVELES (euros/docena),19.0,654.0,1.416,1.416,0.0,0.0,0,0,0,0,0,0,0,0,0,0,0,0,0,0
2019,COMUNIDAD VALENCIANA,FLORES (1),FLOR CORTADA ROSAS (euros/docena),19.0,654.0,5.855,5.146,0.0,8.547,0,0,0,0,0,0,0,0,0,0,0,0,0,0
2019,COMUNIDAD VALENCIANA,P. ORNAMENTAL (1),P. ORNAMENTAL (1),1260.0,36057.0,0.0,0.0,0.0,0.0,0,0,0,0,0,0,0,0,0,0,0,0,0,0
2019,COMUNIDAD VALENCIANA,NARANJO DULCE,NAVELINA,52774.0,1183300.0,0.186,0.154,0.2,0.19,0,0,0,0,0,0,0,0,0,0,0,0,0,0
2019,COMUNIDAD VALENCIANA,NARANJO DULCE,W. NAVEL,52774.0,1183300.0,0.168,0.139,0.163,0.173,0,0,0,0,0,0,0,0,0,0,0,0,0,0
2019,COMUNIDAD VALENCIANA,NARANJO DULCE,NAVEL LANE LATE,52774.0,1183300.0,0.156,0.129,0.176,0.163,0,0,0,0,0,0,0,0,0,0,0,0,0,0
2019,COMUNIDAD VALENCIANA,NARANJO DULCE,SALUSTIANA,52774.0,1183300.0,0.165,0.153,0.164,0.168,0,0,0,0,0,0,0,0,0,0,0,0,0,0
2019,COMUNIDAD VALENCIANA,NARANJO DULCE,VALENCIA LATE,52774.0,1183300.0,0.156,0.126,0.141,0.164,0,0,0,0,0,0,0,0,0,0,0,0,0,0
2019,COMUNIDAD VALENCIANA,MANDARINO,CLAUSELLINA-OKITSU,38693.0,619294.0,0.233,0.214,0.198,0.235,0,0,0,0,0,0,0,0,0,0,0,0,0,0
2019,COMUNIDAD VALENCIANA,MANDARINO,SATSUMA-OWARI,38693.0,619294.0,0.2,0.214,0.204,0.2,0,0,0,0,0,0,0,0,0,0,0,0,0,0
2019,COMUNIDAD VALENCIANA,MANDARINO,CLEMENRUBI,38693.0,619294.0,0.453,0.523,0.483,0.436,0,0,0,0,0,0,0,0,0,0,0,0,0,0
2019,COMUNIDAD VALENCIANA,MANDARINO,MARISOL,38693.0,619294.0,0.245,0.257,0.247,0.241,0,0,0,0,0,0,0,0,0,0,0,0,0,0
2019,COMUNIDAD VALENCIANA,MANDARINO,CLEMENTINA DE NULES,38693.0,619294.0,0.304,0.276,0.311,0.297,0,0,0,0,0,0,0,0,0,0,0,0,0,0
2019,COMUNIDAD VALENCIANA,MANDARINO,CLEMENTINA HERNANDINA,38693.0,619294.0,0.271,0.251,0.273,0.0,0,0,0,0,0,0,0,0,0,0,0,0,0,0
2019,COMUNIDAD VALENCIANA,MANDARINO,CLEMENVILLA O NOVA,38693.0,619294.0,0.278,0.355,0.327,0.254,0,0,0,0,0,0,0,0,0,0,0,0,0,0
2019,COMUNIDAD VALENCIANA,MANDARINO,ORTANIQUE,38693.0,619294.0,0.142,0.125,0.161,0.14,0,0,0,0,0,0,0,0,0,0,0,0,0,0
2019,COMUNIDAD VALENCIANA,MANDARINO,NADORCOTT,38693.0,619294.0,0.535,0.496,0.599,0.552,0,0,0,0,0,0,0,0,0,0,0,0,0,0
2019,COMUNIDAD VALENCIANA,MANDARINO,OTRAS MANDARINAS HÍBRIDAS,38693.0,619294.0,0.568,0.412,0.64,0.644,0,0,0,0,0,0,0,0,0,0,0,0,0,0
2019,COMUNIDAD VALENCIANA,LIMONERO,LIMÓN VERNA,124.0,1560.0,0.308,0.308,0.0,0.0,0,0,0,0,0,0,0,0,0,0,0,0,0,0
2019,COMUNIDAD VALENCIANA,LIMONERO,LIMÓN FINO (Mesero),124.0,1560.0,0.328,0.328,0.0,0.0,0,0,0,0,0,0,0,0,0,0,0,0,0,0
2019,COMUNIDAD VALENCIANA,MANZANA,MANZANA CONSUMO FRESCO,105.0,674.0,0.686,0.686,0.0,0.0,0,0,0,0,0,0,0,0,0,0,0,0,0,0
2019,COMUNIDAD VALENCIANA,PERA,PERA CONSUMO EN FRESCO,42.0,557.0,1.25,1.25,0.0,0.0,0,0,0,0,0,0,0,0,0,0,0,0,0,0
2019,COMUNIDAD VALENCIANA,NÍSPERO,NISPERO,66.0,222.0,1.037,1.051,0.806,0.0,0,0,0,0,0,0,0,0,0,0,0,0,0,0
2019,COMUNIDAD VALENCIANA,ALBARICOQUE,ALBARICOQUE CONSUMO EN FRESCO,2970.0,20896.0,0.499,0.717,0.0,0.43,0,0,0,0,0,0,0,0,0,0,0,0,0,0
2019,COMUNIDAD VALENCIANA,CEREZA,CEREZA,87.0,108.0,2.59,2.759,1.681,0.0,0,0,0,0,0,0,0,0,0,0,0,0,0,0
2019,COMUNIDAD VALENCIANA,MELOCOTÓN (3),MELOCOTÓN  CONSUMO EN FRESCO,3570.0,38477.0,0.46,0.0,0.0,0.46,0,0,0,0,0,0,0,0,0,0,0,0,0,0
2019,COMUNIDAD VALENCIANA,CIRUELA,CIRUELA,1137.0,9468.0,0.706,1.035,0.0,0.351,0,0,0,0,0,0,0,0,0,0,0,0,0,0
2019,COMUNIDAD VALENCIANA,GRANADA,GRANADA,672.0,7132.0,0.497,0.497,0.0,0.0,0,0,0,0,0,0,0,0,0,0,0,0,0,0
2019,COMUNIDAD VALENCIANA,CAQUI,CAQUI,15818.0,428774.0,0.287,0.0,0.0,0.287,0,0,0,0,0,0,0,0,0,0,0,0,0,0
2019,COMUNIDAD VALENCIANA,AGUACATE,AGUACATE,543.0,1487.0,0.0,0.0,0.0,0.0,0,0,0,0,0,0,0,0,0,0,0,0,0,0
2019,COMUNIDAD VALENCIANA,ALMENDRA,ALMENDRA CASCARA,33437.0,16296.0,1.339,1.321,1.284,1.406,0,0,0,0,0,0,0,0,0,0,0,0,0,0
2019,COMUNIDAD VALENCIANA,UVA DE MESA,UVA DE MESA,91.0,216.0,0.472,0.472,0.0,0.0,0,0,0,0,0,0,0,0,0,0,0,0,0,0
2019,COMUNIDAD VALENCIANA,UVA DE VINIFICACIÓN,VINO BLANCO DOP+IGP  (R(CE) 479/2008),47402.0,306443.0,54.53,27.8,0.0,57.79,0,0,0,0,0,0,0,0,0,0,0,0,0,0
2019,COMUNIDAD VALENCIANA,UVA DE VINIFICACIÓN,VINO BLANCO VARIETAL+OTROS (R(CE) 479/2008),47402.0,306443.0,40.2,0.0,0.0,40.2,0,0,0,0,0,0,0,0,0,0,0,0,0,0
2019,COMUNIDAD VALENCIANA,UVA DE VINIFICACIÓN,VINO TINTO Y ROSADO DOP+IGP (R(CE) 479/2008),47402.0,306443.0,42.77,38.8,0.0,43.54,0,0,0,0,0,0,0,0,0,0,0,0,0,0
2019,COMUNIDAD VALENCIANA,UVA DE VINIFICACIÓN,VINO TINTO Y ROSADO VARIETAL+OTROS (R(CE) 479/2008),47402.0,306443.0,43.95,34.8,0.0,44.37,0,0,0,0,0,0,0,0,0,0,0,0,0,0
2019,COMUNIDAD VALENCIANA,OLIVO,OLIVO,32045.0,36798.0,0.0,0.0,0.0,0.0,0,0,0,0,0,0,0,0,0,0,0,0,0,0
2019,COMUNIDAD VALENCIANA,ALGARROBA (GARROFA),ALGARROBA (GARROFA),8801.0,3923.0,0.0,0.0,0.0,0.0,0,0,0,0,0,0,0,0,0,0,0,0,0,0
2020,COMUNIDAD VALENCIANA,ARROZ,ARROZ CÁSCARA,15447.0,114848.0,0.329,0.0,0.0,0.329,0,0,0,0,0,0,0,0,0,0,0,0,0,0
2020,COMUNIDAD VALENCIANA,TRIGO,TRIGO,4604.0,13796.0,0.0,0.0,0.0,0.0,0,0,0,0,0,0,0,0,0,0,0,0,0,0
2020,COMUNIDAD VALENCIANA,CEBADA,CEBADA (2 carreras),14138.0,39783.0,0.154,0.154,0.154,0.154,0,0,0,0,0,0,0,0,0,0,0,0,0,0
2020,COMUNIDAD VALENCIANA,MAÍZ,MAÍZ GRANO,320.0,3214.0,0.195,0.195,0.195,0.195,0,0,0,0,0,0,0,0,0,0,0,0,0,0
2020,COMUNIDAD VALENCIANA,PATATA,PATATA EXTRATEMP Y TEMPRANA,2407.0,61317.0,0.173,0.26,0.263,0.144,0,0,0,0,0,0,0,0,0,0,0,0,0,0
2020,COMUNIDAD VALENCIANA,PATATA,PATATA MED ESTAC Y TARDIA,2407.0,61317.0,0.405,0.405,0.0,0.0,0,0,0,0,0,0,0,0,0,0,0,0,0,0
2020,COMUNIDAD VALENCIANA,CHUFA,CHUFA,649.0,9346.0,0.8,0.0,0.0,0.8,0,0,0,0,0,0,0,0,0,0,0,0,0,0
2020,COMUNIDAD VALENCIANA,ALCACHOFA,ALCACHOFA consumo fresco,4020.0,59089.0,0.91,0.795,0.919,1.018,0,0,0,0,0,0,0,0,0,0,0,0,0,0
2020,COMUNIDAD VALENCIANA,ALCACHOFA,ALCACHOFA industria,4020.0,59089.0,0.343,0.372,0.341,0.17,0,0,0,0,0,0,0,0,0,0,0,0,0,0
2020,COMUNIDAD VALENCIANA,BERENJENA,BERENJENA,251.0,12702.0,0.0,0.0,0.0,0.0,0,0,0,0,0,0,0,0,0,0,0,0,0,0
2020,COMUNIDAD VALENCIANA,BRÓCULI,BRÓCULI,2983.0,68331.0,0.0,0.0,0.0,0.0,0,0,0,0,0,0,0,0,0,0,0,0,0,0
2020,COMUNIDAD VALENCIANA,CEBOLLA,CEBOLLA,1812.0,66702.0,0.734,1.114,0.29,0.644,0,0,0,0,0,0,0,0,0,0,0,0,0,0
2020,COMUNIDAD VALENCIANA,COL Y REPOLLO,COL Y REPOLLO,1175.0,56038.0,0.0,0.0,0.0,0.0,0,0,0,0,0,0,0,0,0,0,0,0,0,0
2020,COMUNIDAD VALENCIANA,COLIFLOR,COLIFLOR,1412.0,34359.0,0.559,0.522,0.466,0.669,0,0,0,0,0,0,0,0,0,0,0,0,0,0
2020,COMUNIDAD VALENCIANA,ESCAROLA,ESCAROLA,604.0,16116.0,0.0,0.0,0.0,0.0,0,0,0,0,0,0,0,0,0,0,0,0,0,0
2020,COMUNIDAD VALENCIANA,ESPINACA,ESPINACA,438.0,8781.0,0.0,0.0,0.0,0.0,0,0,0,0,0,0,0,0,0,0,0,0,0,0
2020,COMUNIDAD VALENCIANA,HABA VERDE,HABA VERDE,634.0,6669.0,0.0,0.0,0.0,0.0,0,0,0,0,0,0,0,0,0,0,0,0,0,0
2020,COMUNIDAD VALENCIANA,JUDÍA VERDE,JUDÍA VERDE,400.0,6734.0,0.0,0.0,0.0,0.0,0,0,0,0,0,0,0,0,0,0,0,0,0,0
2020,COMUNIDAD VALENCIANA,LECHUGA,LECHUGA TOTAL,2052.0,68450.0,0.303,0.346,0.263,0.251,0,0,0,0,0,0,0,0,0,0,0,0,0,0
2020,COMUNIDAD VALENCIANA,MELÓN,MELÓN,1439.0,38549.0,0.476,0.396,0.758,0.0,0,0,0,0,0,0,0,0,0,0,0,0,0,0
2020,COMUNIDAD VALENCIANA,PEPINO,PEPINO,153.0,6722.0,0.0,0.0,0.0,0.0,0,0,0,0,0,0,0,0,0,0,0,0,0,0
2020,COMUNIDAD VALENCIANA,PIMIENTO,PIMIENTO CONSUMO EN FRESCO,839.0,69808.0,0.71,0.733,0.816,0.658,0,0,0,0,0,0,0,0,0,0,0,0,0,0
2020,COMUNIDAD VALENCIANA,SANDÍA,SANDÍA,1618.0,75112.0,0.161,0.121,0.186,0.164,0,0,0,0,0,0,0,0,0,0,0,0,0,0
2020,COMUNIDAD VALENCIANA,TOMATE,TOMATE CONSUMO EN FRESCO,1105.0,68530.0,0.811,0.803,0.859,0.763,0,0,0,0,0,0,0,0,0,0,0,0,0,0
2020,COMUNIDAD VALENCIANA,ALFALFA,HENO DE ALFALFA,1374.0,59442.0,0.155,0.155,0.155,0.155,0,0,0,0,0,0,0,0,0,0,0,0,0,0
2020,COMUNIDAD VALENCIANA,FLORES (1),FLOR CORTADA CLAVELES (euros/docena),97.0,2430.0,1.28,1.28,0.0,0.0,0,0,0,0,0,0,0,0,0,0,0,0,0,0
2020,COMUNIDAD VALENCIANA,FLORES (1),FLOR CORTADA ROSAS (euros/docena),97.0,2430.0,5.449,4.611,0.0,8.631,0,0,0,0,0,0,0,0,0,0,0,0,0,0
2020,COMUNIDAD VALENCIANA,P. ORNAMENTAL (1),P. ORNAMENTAL (1),1761.0,78602.0,0.0,0.0,0.0,0.0,0,0,0,0,0,0,0,0,0,0,0,0,0,0
2020,COMUNIDAD VALENCIANA,NARANJO DULCE,NAVELINA,70509.0,1579435.0,0.204,0.207,0.196,0.204,0,0,0,0,0,0,0,0,0,0,0,0,0,0
2020,COMUNIDAD VALENCIANA,NARANJO DULCE,W. NAVEL,70509.0,1579435.0,0.211,0.234,0.209,0.207,0,0,0,0,0,0,0,0,0,0,0,0,0,0
2020,COMUNIDAD VALENCIANA,NARANJO DULCE,NAVEL LANE LATE,70509.0,1579435.0,0.298,0.373,0.271,0.275,0,0,0,0,0,0,0,0,0,0,0,0,0,0
2020,COMUNIDAD VALENCIANA,NARANJO DULCE,SALUSTIANA,70509.0,1579435.0,0.205,0.197,0.203,0.207,0,0,0,0,0,0,0,0,0,0,0,0,0,0
2020,COMUNIDAD VALENCIANA,NARANJO DULCE,VALENCIA LATE,70509.0,1579435.0,0.406,0.514,0.445,0.378,0,0,0,0,0,0,0,0,0,0,0,0,0,0
2020,COMUNIDAD VALENCIANA,MANDARINO,CLAUSELLINA-OKITSU,71395.0,1574163.0,0.252,0.268,0.24,0.251,0,0,0,0,0,0,0,0,0,0,0,0,0,0
2020,COMUNIDAD VALENCIANA,MANDARINO,SATSUMA-OWARI,71395.0,1574163.0,0.221,0.236,0.225,0.221,0,0,0,0,0,0,0,0,0,0,0,0,0,0
2020,COMUNIDAD VALENCIANA,MANDARINO,CLEMENRUBI,71395.0,1574163.0,0.476,0.708,0.609,0.409,0,0,0,0,0,0,0,0,0,0,0,0,0,0
2020,COMUNIDAD VALENCIANA,MANDARINO,MARISOL,71395.0,1574163.0,0.279,0.301,0.299,0.262,0,0,0,0,0,0,0,0,0,0,0,0,0,0
2020,COMUNIDAD VALENCIANA,MANDARINO,CLEMENTINA DE NULES,71395.0,1574163.0,0.251,0.293,0.26,0.236,0,0,0,0,0,0,0,0,0,0,0,0,0,0
2020,COMUNIDAD VALENCIANA,MANDARINO,CLEMENTINA HERNANDINA,71395.0,1574163.0,0.433,0.39,0.437,0.0,0,0,0,0,0,0,0,0,0,0,0,0,0,0
2020,COMUNIDAD VALENCIANA,MANDARINO,CLEMENVILLA O NOVA,71395.0,1574163.0,0.347,0.328,0.341,0.352,0,0,0,0,0,0,0,0,0,0,0,0,0,0
2020,COMUNIDAD VALENCIANA,MANDARINO,ORTANIQUE,71395.0,1574163.0,0.237,0.249,0.228,0.237,0,0,0,0,0,0,0,0,0,0,0,0,0,0
2020,COMUNIDAD VALENCIANA,MANDARINO,NADORCOTT,71395.0,1574163.0,0.747,0.798,0.78,0.705,0,0,0,0,0,0,0,0,0,0,0,0,0,0
2020,COMUNIDAD VALENCIANA,MANDARINO,OTRAS MANDARINAS HÍBRIDAS,71395.0,1574163.0,0.714,0.689,0.829,0.68,0,0,0,0,0,0,0,0,0,0,0,0,0,0
2020,COMUNIDAD VALENCIANA,LIMONERO,LIMÓN VERNA,15108.0,296089.0,0.474,0.474,0.0,0.0,0,0,0,0,0,0,0,0,0,0,0,0,0,0
2020,COMUNIDAD VALENCIANA,LIMONERO,LIMÓN FINO (Mesero),15108.0,296089.0,0.347,0.347,0.0,0.0,0,0,0,0,0,0,0,0,0,0,0,0,0,0
2020,COMUNIDAD VALENCIANA,MANZANA,MANZANA CONSUMO FRESCO,604.0,6113.0,1.013,1.013,0.0,0.0,0,0,0,0,0,0,0,0,0,0,0,0,0,0
2020,COMUNIDAD VALENCIANA,PERA,PERA CONSUMO EN FRESCO,341.0,3796.0,0.85,0.85,0.0,0.0,0,0,0,0,0,0,0,0,0,0,0,0,0,0
2020,COMUNIDAD VALENCIANA,NÍSPERO,NISPERO,1025.0,13509.0,0.823,0.821,0.859,0.0,0,0,0,0,0,0,0,0,0,0,0,0,0,0
2020,COMUNIDAD VALENCIANA,ALBARICOQUE,ALBARICOQUE CONSUMO EN FRESCO,3594.0,18380.0,0.838,0.825,0.0,0.842,0,0,0,0,0,0,0,0,0,0,0,0,0,0
2020,COMUNIDAD VALENCIANA,CEREZA,CEREZA,2494.0,2145.0,3.142,3.029,3.75,0.0,0,0,0,0,0,0,0,0,0,0,0,0,0,0
2020,COMUNIDAD VALENCIANA,MELOCOTÓN (3),MELOCOTÓN  CONSUMO EN FRESCO,4085.0,30846.0,0.862,0.0,0.0,0.862,0,0,0,0,0,0,0,0,0,0,0,0,0,0
2020,COMUNIDAD VALENCIANA,CIRUELA,CIRUELA,1570.0,12701.0,0.63,0.75,0.0,0.501,0,0,0,0,0,0,0,0,0,0,0,0,0,0
2020,COMUNIDAD VALENCIANA,GRANADA,GRANADA,3761.0,51325.0,0.613,0.613,0.0,0.0,0,0,0,0,0,0,0,0,0,0,0,0,0,0
2020,COMUNIDAD VALENCIANA,CAQUI,CAQUI,16073.0,428608.0,0.386,0.0,0.0,0.386,0,0,0,0,0,0,0,0,0,0,0,0,0,0
2020,COMUNIDAD VALENCIANA,AGUACATE,AGUACATE,1467.0,4605.0,0.0,0.0,0.0,0.0,0,0,0,0,0,0,0,0,0,0,0,0,0,0
2020,COMUNIDAD VALENCIANA,ALMENDRA,ALMENDRA CASCARA,93441.0,29571.0,0.889,0.858,0.973,0.864,0,0,0,0,0,0,0,0,0,0,0,0,0,0
2020,COMUNIDAD VALENCIANA,UVA DE MESA,UVA DE MESA,5494.0,111640.0,0.65,0.65,0.0,0.0,0,0,0,0,0,0,0,0,0,0,0,0,0,0
2020,COMUNIDAD VALENCIANA,UVA DE VINIFICACIÓN,VINO BLANCO DOP+IGP  (R(CE) 479/2008),57876.0,362626.0,49.16,29.3,0.0,51.59,0,0,0,0,0,0,0,0,0,0,0,0,0,0
2020,COMUNIDAD VALENCIANA,UVA DE VINIFICACIÓN,VINO BLANCO VARIETAL+OTROS (R(CE) 479/2008),57876.0,362626.0,35.64,0.0,0.0,35.64,0,0,0,0,0,0,0,0,0,0,0,0,0,0
2020,COMUNIDAD VALENCIANA,UVA DE VINIFICACIÓN,VINO TINTO Y ROSADO DOP+IGP (R(CE) 479/2008),57876.0,362626.0,36.29,37.6,0.0,36.03,0,0,0,0,0,0,0,0,0,0,0,0,0,0
2020,COMUNIDAD VALENCIANA,UVA DE VINIFICACIÓN,VINO TINTO Y ROSADO VARIETAL+OTROS (R(CE) 479/2008),57876.0,362626.0,34.89,32.6,0.0,35.0,0,0,0,0,0,0,0,0,0,0,0,0,0,0
2020,COMUNIDAD VALENCIANA,OLIVO,OLIVO,93953.0,134136.0,0.0,0.0,0.0,0.0,0,0,0,0,0,0,0,0,0,0,0,0,0,0
2020,COMUNIDAD VALENCIANA,ALGARROBA (GARROFA),ALGARROBA (GARROFA),17200.0,13284.0,0.0,0.0,0.0,0.0,0,0,0,0,0,0,0,0,0,0,0,0,0,0
2020,COMUNIDAD VALENCIANA,ARROZ (CÁSCARA),ARROZ (CÁSCARA),416.0,1174.0,0.0,0.0,0.0,0.0,0,0,0,0,0,0,0,0,0,0,0,0,0,0
2020,COMUNIDAD VALENCIANA,TRIGO,TRIGO,1388.0,4803.0,0.0,0.0,0.0,0.0,0,0,0,0,0,0,0,0,0,0,0,0,0,0
2020,COMUNIDAD VALENCIANA,CEBADA,CEBADA (2 carreras),3008.0,8426.0,0.154,0.154,0.154,0.154,0,0,0,0,0,0,0,0,0,0,0,0,0,0
2020,COMUNIDAD VALENCIANA,MAÍZ,MAÍZ GRANO,141.0,1680.0,0.195,0.195,0.195,0.195,0,0,0,0,0,0,0,0,0,0,0,0,0,0
2020,COMUNIDAD VALENCIANA,PATATA TOTAL,PATATA TOTAL,953.0,25351.0,0.0,0.0,0.0,0.0,0,0,0,0,0,0,0,0,0,0,0,0,0,0
2020,COMUNIDAD VALENCIANA,CHUFA,CHUFA,0.0,0.0,0.8,0.0,0.0,0.8,0,0,0,0,0,0,0,0,0,0,0,0,0,0
2020,COMUNIDAD VALENCIANA,ALCACHOFA,ALCACHOFA consumo fresco,1943.0,29339.0,0.91,0.795,0.919,1.018,0,0,0,0,0,0,0,0,0,0,0,0,0,0
2020,COMUNIDAD VALENCIANA,ALCACHOFA,ALCACHOFA industria,1943.0,29339.0,0.343,0.372,0.341,0.17,0,0,0,0,0,0,0,0,0,0,0,0,0,0
2020,COMUNIDAD VALENCIANA,BERENJENA,BERENJENA,57.0,2990.0,0.0,0.0,0.0,0.0,0,0,0,0,0,0,0,0,0,0,0,0,0,0
2020,COMUNIDAD VALENCIANA,BRÓCULI,BRÓCULI,2892.0,66516.0,0.0,0.0,0.0,0.0,0,0,0,0,0,0,0,0,0,0,0,0,0,0
2020,COMUNIDAD VALENCIANA,CEBOLLA,CEBOLLA,463.0,19620.0,0.734,1.114,0.29,0.644,0,0,0,0,0,0,0,0,0,0,0,0,0,0
2020,COMUNIDAD VALENCIANA,COL Y REPOLLO,COL Y REPOLLO,158.0,6314.0,0.0,0.0,0.0,0.0,0,0,0,0,0,0,0,0,0,0,0,0,0,0
2020,COMUNIDAD VALENCIANA,COLIFLOR,COLIFLOR,445.0,11125.0,0.559,0.522,0.466,0.669,0,0,0,0,0,0,0,0,0,0,0,0,0,0
2020,COMUNIDAD VALENCIANA,ESCAROLA,ESCAROLA,215.0,7095.0,0.0,0.0,0.0,0.0,0,0,0,0,0,0,0,0,0,0,0,0,0,0
2020,COMUNIDAD VALENCIANA,ESPINACA,ESPINACA,235.0,5270.0,0.0,0.0,0.0,0.0,0,0,0,0,0,0,0,0,0,0,0,0,0,0
2020,COMUNIDAD VALENCIANA,HABA VERDE,HABA VERDE,480.0,5760.0,0.0,0.0,0.0,0.0,0,0,0,0,0,0,0,0,0,0,0,0,0,0
2020,COMUNIDAD VALENCIANA,JUDÍA VERDE,JUDÍA VERDE,46.0,690.0,0.0,0.0,0.0,0.0,0,0,0,0,0,0,0,0,0,0,0,0,0,0
2020,COMUNIDAD VALENCIANA,LECHUGA,LECHUGA TOTAL,1199.0,40034.0,0.303,0.346,0.263,0.251,0,0,0,0,0,0,0,0,0,0,0,0,0,0
2020,COMUNIDAD VALENCIANA,MELÓN,MELÓN,1037.0,27595.0,0.476,0.396,0.758,0.0,0,0,0,0,0,0,0,0,0,0,0,0,0,0
2020,COMUNIDAD VALENCIANA,PEPINO,PEPINO,60.0,3200.0,0.0,0.0,0.0,0.0,0,0,0,0,0,0,0,0,0,0,0,0,0,0
2020,COMUNIDAD VALENCIANA,PIMIENTO,PIMIENTO CONSUMO EN FRESCO,376.0,43120.0,0.71,0.733,0.816,0.658,0,0,0,0,0,0,0,0,0,0,0,0,0,0
2020,COMUNIDAD VALENCIANA,SANDÍA,SANDÍA,341.0,22847.0,0.161,0.121,0.186,0.164,0,0,0,0,0,0,0,0,0,0,0,0,0,0
2020,COMUNIDAD VALENCIANA,TOMATE,TOMATE CONSUMO EN FRESCO,410.0,43125.0,0.811,0.803,0.859,0.763,0,0,0,0,0,0,0,0,0,0,0,0,0,0
2020,COMUNIDAD VALENCIANA,ALFALFA,HENO DE ALFALFA,773.0,49714.0,0.155,0.155,0.155,0.155,0,0,0,0,0,0,0,0,0,0,0,0,0,0
2020,COMUNIDAD VALENCIANA,FLORES (1),FLOR CORTADA CLAVELES (euros/docena),78.0,1936.0,1.28,1.28,0.0,0.0,0,0,0,0,0,0,0,0,0,0,0,0,0,0
2020,COMUNIDAD VALENCIANA,FLORES (1),FLOR CORTADA ROSAS (euros/docena),78.0,1936.0,5.449,4.611,0.0,8.631,0,0,0,0,0,0,0,0,0,0,0,0,0,0
2020,COMUNIDAD VALENCIANA,P. ORNAMENTAL (1),P. ORNAMENTAL (1),344.0,19344.0,0.0,0.0,0.0,0.0,0,0,0,0,0,0,0,0,0,0,0,0,0,0
2020,COMUNIDAD VALENCIANA,NARANJO DULCE,NAVELINA,10223.0,216764.0,0.204,0.207,0.196,0.204,0,0,0,0,0,0,0,0,0,0,0,0,0,0
2020,COMUNIDAD VALENCIANA,NARANJO DULCE,W. NAVEL,10223.0,216764.0,0.211,0.234,0.209,0.207,0,0,0,0,0,0,0,0,0,0,0,0,0,0
2020,COMUNIDAD VALENCIANA,NARANJO DULCE,NAVEL LANE LATE,10223.0,216764.0,0.298,0.373,0.271,0.275,0,0,0,0,0,0,0,0,0,0,0,0,0,0
2020,COMUNIDAD VALENCIANA,NARANJO DULCE,SALUSTIANA,10223.0,216764.0,0.205,0.197,0.203,0.207,0,0,0,0,0,0,0,0,0,0,0,0,0,0
2020,COMUNIDAD VALENCIANA,NARANJO DULCE,VALENCIA LATE,10223.0,216764.0,0.406,0.514,0.445,0.378,0,0,0,0,0,0,0,0,0,0,0,0,0,0
2020,COMUNIDAD VALENCIANA,MANDARINO,CLAUSELLINA-OKITSU,7512.0,134219.0,0.252,0.268,0.24,0.251,0,0,0,0,0,0,0,0,0,0,0,0,0,0
2020,COMUNIDAD VALENCIANA,MANDARINO,SATSUMA-OWARI,7512.0,134219.0,0.221,0.236,0.225,0.221,0,0,0,0,0,0,0,0,0,0,0,0,0,0
2020,COMUNIDAD VALENCIANA,MANDARINO,CLEMENRUBI,7512.0,134219.0,0.476,0.708,0.609,0.409,0,0,0,0,0,0,0,0,0,0,0,0,0,0
2020,COMUNIDAD VALENCIANA,MANDARINO,MARISOL,7512.0,134219.0,0.279,0.301,0.299,0.262,0,0,0,0,0,0,0,0,0,0,0,0,0,0
2020,COMUNIDAD VALENCIANA,MANDARINO,CLEMENTINA DE NULES,7512.0,134219.0,0.251,0.293,0.26,0.236,0,0,0,0,0,0,0,0,0,0,0,0,0,0
2020,COMUNIDAD VALENCIANA,MANDARINO,CLEMENTINA HERNANDINA,7512.0,134219.0,0.433,0.39,0.437,0.0,0,0,0,0,0,0,0,0,0,0,0,0,0,0
2020,COMUNIDAD VALENCIANA,MANDARINO,CLEMENVILLA O NOVA,7512.0,134219.0,0.347,0.328,0.341,0.352,0,0,0,0,0,0,0,0,0,0,0,0,0,0
2020,COMUNIDAD VALENCIANA,MANDARINO,ORTANIQUE,7512.0,134219.0,0.237,0.249,0.228,0.237,0,0,0,0,0,0,0,0,0,0,0,0,0,0
2020,COMUNIDAD VALENCIANA,MANDARINO,NADORCOTT,7512.0,134219.0,0.747,0.798,0.78,0.705,0,0,0,0,0,0,0,0,0,0,0,0,0,0
2020,COMUNIDAD VALENCIANA,MANDARINO,OTRAS MANDARINAS HÍBRIDAS,7512.0,134219.0,0.714,0.689,0.829,0.68,0,0,0,0,0,0,0,0,0,0,0,0,0,0
2020,COMUNIDAD VALENCIANA,LIMONERO,LIMÓN VERNA,14836.0,294335.0,0.474,0.474,0.0,0.0,0,0,0,0,0,0,0,0,0,0,0,0,0,0
2020,COMUNIDAD VALENCIANA,LIMONERO,LIMÓN FINO (Mesero),14836.0,294335.0,0.347,0.347,0.0,0.0,0,0,0,0,0,0,0,0,0,0,0,0,0,0
2020,COMUNIDAD VALENCIANA,MANZANA,MANZANA CONSUMO FRESCO,419.0,3831.0,1.013,1.013,0.0,0.0,0,0,0,0,0,0,0,0,0,0,0,0,0,0
2020,COMUNIDAD VALENCIANA,PERA,PERA CONSUMO EN FRESCO,151.0,1933.0,0.85,0.85,0.0,0.0,0,0,0,0,0,0,0,0,0,0,0,0,0,0
2020,COMUNIDAD VALENCIANA,NÍSPERO,NISPERO,806.0,12466.0,0.823,0.821,0.859,0.0,0,0,0,0,0,0,0,0,0,0,0,0,0,0
2020,COMUNIDAD VALENCIANA,ALBARICOQUE,ALBARICOQUE CONSUMO EN FRESCO,617.0,3671.0,0.838,0.825,0.0,0.842,0,0,0,0,0,0,0,0,0,0,0,0,0,0
2020,COMUNIDAD VALENCIANA,CEREZA,CEREZA,1850.0,1824.0,3.142,3.029,3.75,0.0,0,0,0,0,0,0,0,0,0,0,0,0,0,0
2020,COMUNIDAD VALENCIANA,MELOCOTÓN (3),MELOCOTÓN  CONSUMO EN FRESCO,429.0,3828.0,0.862,0.0,0.0,0.862,0,0,0,0,0,0,0,0,0,0,0,0,0,0
2020,COMUNIDAD VALENCIANA,CIRUELA,CIRUELA,331.0,2375.0,0.63,0.75,0.0,0.501,0,0,0,0,0,0,0,0,0,0,0,0,0,0
2020,COMUNIDAD VALENCIANA,GRANADA,GRANADA,3013.0,45120.0,0.613,0.613,0.0,0.0,0,0,0,0,0,0,0,0,0,0,0,0,0,0
2020,COMUNIDAD VALENCIANA,CAQUI,CAQUI,78.0,325.0,0.386,0.0,0.0,0.386,0,0,0,0,0,0,0,0,0,0,0,0,0,0
2020,COMUNIDAD VALENCIANA,AGUACATE,AGUACATE,295.0,2025.0,0.0,0.0,0.0,0.0,0,0,0,0,0,0,0,0,0,0,0,0,0,0
2020,COMUNIDAD VALENCIANA,ALMENDRA,ALMENDRA CASCARA,22861.0,12073.0,0.889,0.858,0.973,0.864,0,0,0,0,0,0,0,0,0,0,0,0,0,0
2020,COMUNIDAD VALENCIANA,UVA DE MESA,UVA DE MESA,5248.0,111251.0,0.65,0.65,0.0,0.0,0,0,0,0,0,0,0,0,0,0,0,0,0,0
2020,COMUNIDAD VALENCIANA,UVA DE VINIFICACIÓN,VINO BLANCO DOP+IGP  (R(CE) 479/2008),10294.0,33737.0,49.16,29.3,0.0,51.59,0,0,0,0,0,0,0,0,0,0,0,0,0,0
2020,COMUNIDAD VALENCIANA,UVA DE VINIFICACIÓN,VINO BLANCO VARIETAL+OTROS (R(CE) 479/2008),10294.0,33737.0,35.64,0.0,0.0,35.64,0,0,0,0,0,0,0,0,0,0,0,0,0,0
2020,COMUNIDAD VALENCIANA,UVA DE VINIFICACIÓN,VINO TINTO Y ROSADO DOP+IGP (R(CE) 479/2008),10294.0,33737.0,36.29,37.6,0.0,36.03,0,0,0,0,0,0,0,0,0,0,0,0,0,0
2020,COMUNIDAD VALENCIANA,UVA DE VINIFICACIÓN,VINO TINTO Y ROSADO VARIETAL+OTROS (R(CE) 479/2008),10294.0,33737.0,34.89,32.6,0.0,35.0,0,0,0,0,0,0,0,0,0,0,0,0,0,0
2020,COMUNIDAD VALENCIANA,OLIVO,OLIVO,29013.0,48307.0,0.0,0.0,0.0,0.0,0,0,0,0,0,0,0,0,0,0,0,0,0,0
2020,COMUNIDAD VALENCIANA,ALGARROBA (GARROFA),ALGARROBA (GARROFA),715.0,784.0,0.0,0.0,0.0,0.0,0,0,0,0,0,0,0,0,0,0,0,0,0,0
2020,COMUNIDAD VALENCIANA,ARROZ,ARROZ CÁSCARA,153.0,1188.0,0.329,0.0,0.0,0.329,0,0,0,0,0,0,0,0,0,0,0,0,0,0
2020,COMUNIDAD VALENCIANA,TRIGO,TRIGO,795.0,1741.0,0.0,0.0,0.0,0.0,0,0,0,0,0,0,0,0,0,0,0,0,0,0
2020,COMUNIDAD VALENCIANA,CEBADA,CEBADA (2 carreras),3013.0,6131.0,0.154,0.154,0.154,0.154,0,0,0,0,0,0,0,0,0,0,0,0,0,0
2020,COMUNIDAD VALENCIANA,MAÍZ,MAÍZ GRANO,100.0,352.0,0.195,0.195,0.195,0.195,0,0,0,0,0,0,0,0,0,0,0,0,0,0
2020,COMUNIDAD VALENCIANA,PATATA,PATATA EXTRATEMP Y TEMPRANA,444.0,11173.0,0.173,0.26,0.263,0.144,0,0,0,0,0,0,0,0,0,0,0,0,0,0
2020,COMUNIDAD VALENCIANA,PATATA,PATATA MED ESTAC Y TARDIA,444.0,11173.0,0.405,0.405,0.0,0.0,0,0,0,0,0,0,0,0,0,0,0,0,0,0
2020,COMUNIDAD VALENCIANA,CHUFA,CHUFA,0.0,0.0,0.8,0.0,0.0,0.8,0,0,0,0,0,0,0,0,0,0,0,0,0,0
2020,COMUNIDAD VALENCIANA,ALCACHOFA,ALCACHOFA consumo fresco,1055.0,15134.0,0.91,0.795,0.919,1.018,0,0,0,0,0,0,0,0,0,0,0,0,0,0
2020,COMUNIDAD VALENCIANA,ALCACHOFA,ALCACHOFA industria,1055.0,15134.0,0.343,0.372,0.341,0.17,0,0,0,0,0,0,0,0,0,0,0,0,0,0
2020,COMUNIDAD VALENCIANA,BERENJENA,BERENJENA,73.0,2093.0,0.0,0.0,0.0,0.0,0,0,0,0,0,0,0,0,0,0,0,0,0,0
2020,COMUNIDAD VALENCIANA,BRÓCULI,BRÓCULI,91.0,1815.0,0.0,0.0,0.0,0.0,0,0,0,0,0,0,0,0,0,0,0,0,0,0
2020,COMUNIDAD VALENCIANA,CEBOLLA,CEBOLLA,229.0,4929.0,0.734,1.114,0.29,0.644,0,0,0,0,0,0,0,0,0,0,0,0,0,0
2020,COMUNIDAD VALENCIANA,COL Y REPOLLO,COL Y REPOLLO,465.0,15249.0,0.0,0.0,0.0,0.0,0,0,0,0,0,0,0,0,0,0,0,0,0,0
2020,COMUNIDAD VALENCIANA,COLIFLOR,COLIFLOR,351.0,8336.0,0.559,0.522,0.466,0.669,0,0,0,0,0,0,0,0,0,0,0,0,0,0
2020,COMUNIDAD VALENCIANA,ESCAROLA,ESCAROLA,270.0,6413.0,0.0,0.0,0.0,0.0,0,0,0,0,0,0,0,0,0,0,0,0,0,0
2020,COMUNIDAD VALENCIANA,ESPINACA,ESPINACA,11.0,235.0,0.0,0.0,0.0,0.0,0,0,0,0,0,0,0,0,0,0,0,0,0,0
2020,COMUNIDAD VALENCIANA,HABA VERDE,HABA VERDE,63.0,454.0,0.0,0.0,0.0,0.0,0,0,0,0,0,0,0,0,0,0,0,0,0,0
2020,COMUNIDAD VALENCIANA,JUDÍA VERDE,JUDÍA VERDE,264.0,4656.0,0.0,0.0,0.0,0.0,0,0,0,0,0,0,0,0,0,0,0,0,0,0
2020,COMUNIDAD VALENCIANA,LECHUGA,LECHUGA TOTAL,389.0,8466.0,0.303,0.346,0.263,0.251,0,0,0,0,0,0,0,0,0,0,0,0,0,0
2020,COMUNIDAD VALENCIANA,MELÓN,MELÓN,298.0,6863.0,0.476,0.396,0.758,0.0,0,0,0,0,0,0,0,0,0,0,0,0,0,0
2020,COMUNIDAD VALENCIANA,PEPINO,PEPINO,70.0,2218.0,0.0,0.0,0.0,0.0,0,0,0,0,0,0,0,0,0,0,0,0,0,0
2020,COMUNIDAD VALENCIANA,PIMIENTO,PIMIENTO CONSUMO EN FRESCO,99.0,2461.0,0.71,0.733,0.816,0.658,0,0,0,0,0,0,0,0,0,0,0,0,0,0
2020,COMUNIDAD VALENCIANA,SANDÍA,SANDÍA,458.0,11976.0,0.161,0.121,0.186,0.164,0,0,0,0,0,0,0,0,0,0,0,0,0,0
2020,COMUNIDAD VALENCIANA,TOMATE,TOMATE CONSUMO EN FRESCO,507.0,16774.0,0.811,0.803,0.859,0.763,0,0,0,0,0,0,0,0,0,0,0,0,0,0
2020,COMUNIDAD VALENCIANA,ALFALFA,HENO DE ALFALFA,354.0,6818.0,0.155,0.155,0.155,0.155,0,0,0,0,0,0,0,0,0,0,0,0,0,0
2020,COMUNIDAD VALENCIANA,FLORES (1),FLOR CORTADA CLAVELES (euros/docena),5.0,135.0,1.28,1.28,0.0,0.0,0,0,0,0,0,0,0,0,0,0,0,0,0,0
2020,COMUNIDAD VALENCIANA,FLORES (1),FLOR CORTADA ROSAS (euros/docena),5.0,135.0,5.449,4.611,0.0,8.631,0,0,0,0,0,0,0,0,0,0,0,0,0,0
2020,COMUNIDAD VALENCIANA,P. ORNAMENTAL (1),P. ORNAMENTAL (1),360.0,29193.0,0.0,0.0,0.0,0.0,0,0,0,0,0,0,0,0,0,0,0,0,0,0
2020,COMUNIDAD VALENCIANA,NARANJO DULCE,NAVELINA,6486.0,118369.0,0.204,0.207,0.196,0.204,0,0,0,0,0,0,0,0,0,0,0,0,0,0
2020,COMUNIDAD VALENCIANA,NARANJO DULCE,W. NAVEL,6486.0,118369.0,0.211,0.234,0.209,0.207,0,0,0,0,0,0,0,0,0,0,0,0,0,0
2020,COMUNIDAD VALENCIANA,NARANJO DULCE,NAVEL LANE LATE,6486.0,118369.0,0.298,0.373,0.271,0.275,0,0,0,0,0,0,0,0,0,0,0,0,0,0
2020,COMUNIDAD VALENCIANA,NARANJO DULCE,SALUSTIANA,6486.0,118369.0,0.205,0.197,0.203,0.207,0,0,0,0,0,0,0,0,0,0,0,0,0,0
2020,COMUNIDAD VALENCIANA,NARANJO DULCE,VALENCIA LATE,6486.0,118369.0,0.406,0.514,0.445,0.378,0,0,0,0,0,0,0,0,0,0,0,0,0,0
2020,COMUNIDAD VALENCIANA,MANDARINO,CLAUSELLINA-OKITSU,27079.0,652267.0,0.252,0.268,0.24,0.251,0,0,0,0,0,0,0,0,0,0,0,0,0,0
2020,COMUNIDAD VALENCIANA,MANDARINO,SATSUMA-OWARI,27079.0,652267.0,0.221,0.236,0.225,0.221,0,0,0,0,0,0,0,0,0,0,0,0,0,0
2020,COMUNIDAD VALENCIANA,MANDARINO,CLEMENRUBI,27079.0,652267.0,0.476,0.708,0.609,0.409,0,0,0,0,0,0,0,0,0,0,0,0,0,0
2020,COMUNIDAD VALENCIANA,MANDARINO,MARISOL,27079.0,652267.0,0.279,0.301,0.299,0.262,0,0,0,0,0,0,0,0,0,0,0,0,0,0
2020,COMUNIDAD VALENCIANA,MANDARINO,CLEMENTINA DE NULES,27079.0,652267.0,0.251,0.293,0.26,0.236,0,0,0,0,0,0,0,0,0,0,0,0,0,0
2020,COMUNIDAD VALENCIANA,MANDARINO,CLEMENTINA HERNANDINA,27079.0,652267.0,0.433,0.39,0.437,0.0,0,0,0,0,0,0,0,0,0,0,0,0,0,0
2020,COMUNIDAD VALENCIANA,MANDARINO,CLEMENVILLA O NOVA,27079.0,652267.0,0.347,0.328,0.341,0.352,0,0,0,0,0,0,0,0,0,0,0,0,0,0
2020,COMUNIDAD VALENCIANA,MANDARINO,ORTANIQUE,27079.0,652267.0,0.237,0.249,0.228,0.237,0,0,0,0,0,0,0,0,0,0,0,0,0,0
2020,COMUNIDAD VALENCIANA,MANDARINO,NADORCOTT,27079.0,652267.0,0.747,0.798,0.78,0.705,0,0,0,0,0,0,0,0,0,0,0,0,0,0
2020,COMUNIDAD VALENCIANA,MANDARINO,OTRAS MANDARINAS HÍBRIDAS,27079.0,652267.0,0.714,0.689,0.829,0.68,0,0,0,0,0,0,0,0,0,0,0,0,0,0
2020,COMUNIDAD VALENCIANA,LIMONERO,LIMÓN VERNA,71.0,321.0,0.474,0.474,0.0,0.0,0,0,0,0,0,0,0,0,0,0,0,0,0,0
2020,COMUNIDAD VALENCIANA,LIMONERO,LIMÓN FINO (Mesero),71.0,321.0,0.347,0.347,0.0,0.0,0,0,0,0,0,0,0,0,0,0,0,0,0,0
2020,COMUNIDAD VALENCIANA,MANZANA,MANZANA CONSUMO FRESCO,74.0,636.0,1.013,1.013,0.0,0.0,0,0,0,0,0,0,0,0,0,0,0,0,0,0
2020,COMUNIDAD VALENCIANA,PERA,PERA CONSUMO EN FRESCO,148.0,1506.0,0.85,0.85,0.0,0.0,0,0,0,0,0,0,0,0,0,0,0,0,0,0
2020,COMUNIDAD VALENCIANA,NÍSPERO,NISPERO,153.0,699.0,0.823,0.821,0.859,0.0,0,0,0,0,0,0,0,0,0,0,0,0,0,0
2020,COMUNIDAD VALENCIANA,ALBARICOQUE,ALBARICOQUE CONSUMO EN FRESCO,187.0,699.0,0.838,0.825,0.0,0.842,0,0,0,0,0,0,0,0,0,0,0,0,0,0
2020,COMUNIDAD VALENCIANA,CEREZA,CEREZA,559.0,207.0,3.142,3.029,3.75,0.0,0,0,0,0,0,0,0,0,0,0,0,0,0,0
2020,COMUNIDAD VALENCIANA,MELOCOTÓN (3),MELOCOTÓN  CONSUMO EN FRESCO,352.0,1826.0,0.862,0.0,0.0,0.862,0,0,0,0,0,0,0,0,0,0,0,0,0,0
2020,COMUNIDAD VALENCIANA,CIRUELA,CIRUELA,100.0,616.0,0.63,0.75,0.0,0.501,0,0,0,0,0,0,0,0,0,0,0,0,0,0
2020,COMUNIDAD VALENCIANA,GRANADA,GRANADA,103.0,311.0,0.613,0.613,0.0,0.0,0,0,0,0,0,0,0,0,0,0,0,0,0,0
2020,COMUNIDAD VALENCIANA,CAQUI,CAQUI,165.0,1850.0,0.386,0.0,0.0,0.386,0,0,0,0,0,0,0,0,0,0,0,0,0,0
2020,COMUNIDAD VALENCIANA,AGUACATE,AGUACATE,282.0,522.0,0.0,0.0,0.0,0.0,0,0,0,0,0,0,0,0,0,0,0,0,0,0
2020,COMUNIDAD VALENCIANA,ALMENDRA,ALMENDRA CASCARA,36324.0,5974.0,0.889,0.858,0.973,0.864,0,0,0,0,0,0,0,0,0,0,0,0,0,0
2020,COMUNIDAD VALENCIANA,UVA DE MESA,UVA DE MESA,66.0,168.0,0.65,0.65,0.0,0.0,0,0,0,0,0,0,0,0,0,0,0,0,0,0
2020,COMUNIDAD VALENCIANA,UVA DE VINIFICACIÓN,VINO BLANCO DOP+IGP  (R(CE) 479/2008),774.0,1466.0,49.16,29.3,0.0,51.59,0,0,0,0,0,0,0,0,0,0,0,0,0,0
2020,COMUNIDAD VALENCIANA,UVA DE VINIFICACIÓN,VINO BLANCO VARIETAL+OTROS (R(CE) 479/2008),774.0,1466.0,35.64,0.0,0.0,35.64,0,0,0,0,0,0,0,0,0,0,0,0,0,0
2020,COMUNIDAD VALENCIANA,UVA DE VINIFICACIÓN,VINO TINTO Y ROSADO DOP+IGP (R(CE) 479/2008),774.0,1466.0,36.29,37.6,0.0,36.03,0,0,0,0,0,0,0,0,0,0,0,0,0,0
2020,COMUNIDAD VALENCIANA,UVA DE VINIFICACIÓN,VINO TINTO Y ROSADO VARIETAL+OTROS (R(CE) 479/2008),774.0,1466.0,34.89,32.6,0.0,35.0,0,0,0,0,0,0,0,0,0,0,0,0,0,0
2020,COMUNIDAD VALENCIANA,OLIVO,OLIVO,32743.0,42831.0,0.0,0.0,0.0,0.0,0,0,0,0,0,0,0,0,0,0,0,0,0,0
2020,COMUNIDAD VALENCIANA,ALGARROBA (GARROFA),ALGARROBA (GARROFA),7761.0,4402.0,0.0,0.0,0.0,0.0,0,0,0,0,0,0,0,0,0,0,0,0,0,0
2020,COMUNIDAD VALENCIANA,ARROZ,ARROZ CÁSCARA,14878.0,112486.0,0.329,0.0,0.0,0.329,0,0,0,0,0,0,0,0,0,0,0,0,0,0
2020,COMUNIDAD VALENCIANA,TRIGO,TRIGO,2421.0,7252.0,0.0,0.0,0.0,0.0,0,0,0,0,0,0,0,0,0,0,0,0,0,0
2020,COMUNIDAD VALENCIANA,CEBADA,CEBADA (2 carreras),8117.0,25226.0,0.154,0.154,0.154,0.154,0,0,0,0,0,0,0,0,0,0,0,0,0,0
2020,COMUNIDAD VALENCIANA,MAÍZ,MAÍZ GRANO,79.0,1182.0,0.195,0.195,0.195,0.195,0,0,0,0,0,0,0,0,0,0,0,0,0,0
2020,COMUNIDAD VALENCIANA,PATATA,PATATA EXTRATEMP Y TEMPRANA,1010.0,24793.0,0.173,0.26,0.263,0.144,0,0,0,0,0,0,0,0,0,0,0,0,0,0
2020,COMUNIDAD VALENCIANA,PATATA,PATATA MED ESTAC Y TARDIA,1010.0,24793.0,0.405,0.405,0.0,0.0,0,0,0,0,0,0,0,0,0,0,0,0,0,0
2020,COMUNIDAD VALENCIANA,CHUFA,CHUFA,649.0,9346.0,0.8,0.0,0.0,0.8,0,0,0,0,0,0,0,0,0,0,0,0,0,0
2020,COMUNIDAD VALENCIANA,ALCACHOFA,ALCACHOFA consumo fresco,1022.0,14616.0,0.91,0.795,0.919,1.018,0,0,0,0,0,0,0,0,0,0,0,0,0,0
2020,COMUNIDAD VALENCIANA,ALCACHOFA,ALCACHOFA industria,1022.0,14616.0,0.343,0.372,0.341,0.17,0,0,0,0,0,0,0,0,0,0,0,0,0,0
2020,COMUNIDAD VALENCIANA,BERENJENA,BERENJENA,121.0,7619.0,0.0,0.0,0.0,0.0,0,0,0,0,0,0,0,0,0,0,0,0,0,0
2020,COMUNIDAD VALENCIANA,BRÓCULI,BRÓCULI,0.0,0.0,0.0,0.0,0.0,0.0,0,0,0,0,0,0,0,0,0,0,0,0,0,0
2020,COMUNIDAD VALENCIANA,CEBOLLA,CEBOLLA,1120.0,42153.0,0.734,1.114,0.29,0.644,0,0,0,0,0,0,0,0,0,0,0,0,0,0
2020,COMUNIDAD VALENCIANA,COL Y REPOLLO,COL Y REPOLLO,552.0,34475.0,0.0,0.0,0.0,0.0,0,0,0,0,0,0,0,0,0,0,0,0,0,0
2020,COMUNIDAD VALENCIANA,COLIFLOR,COLIFLOR,616.0,14898.0,0.559,0.522,0.466,0.669,0,0,0,0,0,0,0,0,0,0,0,0,0,0
2020,COMUNIDAD VALENCIANA,ESCAROLA,ESCAROLA,119.0,2608.0,0.0,0.0,0.0,0.0,0,0,0,0,0,0,0,0,0,0,0,0,0,0
2020,COMUNIDAD VALENCIANA,ESPINACA,ESPINACA,192.0,3276.0,0.0,0.0,0.0,0.0,0,0,0,0,0,0,0,0,0,0,0,0,0,0
2020,COMUNIDAD VALENCIANA,HABA VERDE,HABA VERDE,91.0,455.0,0.0,0.0,0.0,0.0,0,0,0,0,0,0,0,0,0,0,0,0,0,0
2020,COMUNIDAD VALENCIANA,JUDÍA VERDE,JUDÍA VERDE,90.0,1388.0,0.0,0.0,0.0,0.0,0,0,0,0,0,0,0,0,0,0,0,0,0,0
2020,COMUNIDAD VALENCIANA,LECHUGA,LECHUGA TOTAL,464.0,19950.0,0.303,0.346,0.263,0.251,0,0,0,0,0,0,0,0,0,0,0,0,0,0
2020,COMUNIDAD VALENCIANA,MELÓN,MELÓN,104.0,4091.0,0.476,0.396,0.758,0.0,0,0,0,0,0,0,0,0,0,0,0,0,0,0
2020,COMUNIDAD VALENCIANA,PEPINO,PEPINO,23.0,1304.0,0.0,0.0,0.0,0.0,0,0,0,0,0,0,0,0,0,0,0,0,0,0
2020,COMUNIDAD VALENCIANA,PIMIENTO,PIMIENTO CONSUMO EN FRESCO,364.0,24227.0,0.71,0.733,0.816,0.658,0,0,0,0,0,0,0,0,0,0,0,0,0,0
2020,COMUNIDAD VALENCIANA,SANDÍA,SANDÍA,819.0,40289.0,0.161,0.121,0.186,0.164,0,0,0,0,0,0,0,0,0,0,0,0,0,0
2020,COMUNIDAD VALENCIANA,TOMATE,TOMATE CONSUMO EN FRESCO,188.0,8631.0,0.811,0.803,0.859,0.763,0,0,0,0,0,0,0,0,0,0,0,0,0,0
2020,COMUNIDAD VALENCIANA,ALFALFA,HENO DE ALFALFA,247.0,2910.0,0.155,0.155,0.155,0.155,0,0,0,0,0,0,0,0,0,0,0,0,0,0
2020,COMUNIDAD VALENCIANA,FLORES (1),FLOR CORTADA CLAVELES (euros/docena),14.0,359.0,1.28,1.28,0.0,0.0,0,0,0,0,0,0,0,0,0,0,0,0,0,0
2020,COMUNIDAD VALENCIANA,FLORES (1),FLOR CORTADA ROSAS (euros/docena),14.0,359.0,5.449,4.611,0.0,8.631,0,0,0,0,0,0,0,0,0,0,0,0,0,0
2020,COMUNIDAD VALENCIANA,P. ORNAMENTAL (1),P. ORNAMENTAL (1),1057.0,30065.0,0.0,0.0,0.0,0.0,0,0,0,0,0,0,0,0,0,0,0,0,0,0
2020,COMUNIDAD VALENCIANA,NARANJO DULCE,NAVELINA,53800.0,1244302.0,0.204,0.207,0.196,0.204,0,0,0,0,0,0,0,0,0,0,0,0,0,0
2020,COMUNIDAD VALENCIANA,NARANJO DULCE,W. NAVEL,53800.0,1244302.0,0.211,0.234,0.209,0.207,0,0,0,0,0,0,0,0,0,0,0,0,0,0
2020,COMUNIDAD VALENCIANA,NARANJO DULCE,NAVEL LANE LATE,53800.0,1244302.0,0.298,0.373,0.271,0.275,0,0,0,0,0,0,0,0,0,0,0,0,0,0
2020,COMUNIDAD VALENCIANA,NARANJO DULCE,SALUSTIANA,53800.0,1244302.0,0.205,0.197,0.203,0.207,0,0,0,0,0,0,0,0,0,0,0,0,0,0
2020,COMUNIDAD VALENCIANA,NARANJO DULCE,VALENCIA LATE,53800.0,1244302.0,0.406,0.514,0.445,0.378,0,0,0,0,0,0,0,0,0,0,0,0,0,0
2020,COMUNIDAD VALENCIANA,MANDARINO,CLAUSELLINA-OKITSU,36804.0,787677.0,0.252,0.268,0.24,0.251,0,0,0,0,0,0,0,0,0,0,0,0,0,0
2020,COMUNIDAD VALENCIANA,MANDARINO,SATSUMA-OWARI,36804.0,787677.0,0.221,0.236,0.225,0.221,0,0,0,0,0,0,0,0,0,0,0,0,0,0
2020,COMUNIDAD VALENCIANA,MANDARINO,CLEMENRUBI,36804.0,787677.0,0.476,0.708,0.609,0.409,0,0,0,0,0,0,0,0,0,0,0,0,0,0
2020,COMUNIDAD VALENCIANA,MANDARINO,MARISOL,36804.0,787677.0,0.279,0.301,0.299,0.262,0,0,0,0,0,0,0,0,0,0,0,0,0,0
2020,COMUNIDAD VALENCIANA,MANDARINO,CLEMENTINA DE NULES,36804.0,787677.0,0.251,0.293,0.26,0.236,0,0,0,0,0,0,0,0,0,0,0,0,0,0
2020,COMUNIDAD VALENCIANA,MANDARINO,CLEMENTINA HERNANDINA,36804.0,787677.0,0.433,0.39,0.437,0.0,0,0,0,0,0,0,0,0,0,0,0,0,0,0
2020,COMUNIDAD VALENCIANA,MANDARINO,CLEMENVILLA O NOVA,36804.0,787677.0,0.347,0.328,0.341,0.352,0,0,0,0,0,0,0,0,0,0,0,0,0,0
2020,COMUNIDAD VALENCIANA,MANDARINO,ORTANIQUE,36804.0,787677.0,0.237,0.249,0.228,0.237,0,0,0,0,0,0,0,0,0,0,0,0,0,0
2020,COMUNIDAD VALENCIANA,MANDARINO,NADORCOTT,36804.0,787677.0,0.747,0.798,0.78,0.705,0,0,0,0,0,0,0,0,0,0,0,0,0,0
2020,COMUNIDAD VALENCIANA,MANDARINO,OTRAS MANDARINAS HÍBRIDAS,36804.0,787677.0,0.714,0.689,0.829,0.68,0,0,0,0,0,0,0,0,0,0,0,0,0,0
2020,COMUNIDAD VALENCIANA,LIMONERO,LIMÓN VERNA,201.0,1433.0,0.474,0.474,0.0,0.0,0,0,0,0,0,0,0,0,0,0,0,0,0,0
2020,COMUNIDAD VALENCIANA,LIMONERO,LIMÓN FINO (Mesero),201.0,1433.0,0.347,0.347,0.0,0.0,0,0,0,0,0,0,0,0,0,0,0,0,0,0
2020,COMUNIDAD VALENCIANA,MANZANA,MANZANA CONSUMO FRESCO,111.0,1646.0,1.013,1.013,0.0,0.0,0,0,0,0,0,0,0,0,0,0,0,0,0,0
2020,COMUNIDAD VALENCIANA,PERA,PERA CONSUMO EN FRESCO,42.0,357.0,0.85,0.85,0.0,0.0,0,0,0,0,0,0,0,0,0,0,0,0,0,0
2020,COMUNIDAD VALENCIANA,NÍSPERO,NISPERO,66.0,344.0,0.823,0.821,0.859,0.0,0,0,0,0,0,0,0,0,0,0,0,0,0,0
2020,COMUNIDAD VALENCIANA,ALBARICOQUE,ALBARICOQUE CONSUMO EN FRESCO,2790.0,14010.0,0.838,0.825,0.0,0.842,0,0,0,0,0,0,0,0,0,0,0,0,0,0
2020,COMUNIDAD VALENCIANA,CEREZA,CEREZA,85.0,114.0,3.142,3.029,3.75,0.0,0,0,0,0,0,0,0,0,0,0,0,0,0,0
2020,COMUNIDAD VALENCIANA,MELOCOTÓN (3),MELOCOTÓN  CONSUMO EN FRESCO,3304.0,25192.0,0.862,0.0,0.0,0.862,0,0,0,0,0,0,0,0,0,0,0,0,0,0
2020,COMUNIDAD VALENCIANA,CIRUELA,CIRUELA,1139.0,9710.0,0.63,0.75,0.0,0.501,0,0,0,0,0,0,0,0,0,0,0,0,0,0
2020,COMUNIDAD VALENCIANA,GRANADA,GRANADA,645.0,5894.0,0.613,0.613,0.0,0.0,0,0,0,0,0,0,0,0,0,0,0,0,0,0
2020,COMUNIDAD VALENCIANA,CAQUI,CAQUI,15830.0,426433.0,0.386,0.0,0.0,0.386,0,0,0,0,0,0,0,0,0,0,0,0,0,0
2020,COMUNIDAD VALENCIANA,AGUACATE,AGUACATE,890.0,2058.0,0.0,0.0,0.0,0.0,0,0,0,0,0,0,0,0,0,0,0,0,0,0
2020,COMUNIDAD VALENCIANA,ALMENDRA,ALMENDRA CASCARA,34256.0,11524.0,0.889,0.858,0.973,0.864,0,0,0,0,0,0,0,0,0,0,0,0,0,0
2020,COMUNIDAD VALENCIANA,UVA DE MESA,UVA DE MESA,180.0,221.0,0.65,0.65,0.0,0.0,0,0,0,0,0,0,0,0,0,0,0,0,0,0
2020,COMUNIDAD VALENCIANA,UVA DE VINIFICACIÓN,VINO BLANCO DOP+IGP  (R(CE) 479/2008),46808.0,327423.0,49.16,29.3,0.0,51.59,0,0,0,0,0,0,0,0,0,0,0,0,0,0
2020,COMUNIDAD VALENCIANA,UVA DE VINIFICACIÓN,VINO BLANCO VARIETAL+OTROS (R(CE) 479/2008),46808.0,327423.0,35.64,0.0,0.0,35.64,0,0,0,0,0,0,0,0,0,0,0,0,0,0
2020,COMUNIDAD VALENCIANA,UVA DE VINIFICACIÓN,VINO TINTO Y ROSADO DOP+IGP (R(CE) 479/2008),46808.0,327423.0,36.29,37.6,0.0,36.03,0,0,0,0,0,0,0,0,0,0,0,0,0,0
2020,COMUNIDAD VALENCIANA,UVA DE VINIFICACIÓN,VINO TINTO Y ROSADO VARIETAL+OTROS (R(CE) 479/2008),46808.0,327423.0,34.89,32.6,0.0,35.0,0,0,0,0,0,0,0,0,0,0,0,0,0,0
2020,COMUNIDAD VALENCIANA,OLIVO,OLIVO,32197.0,42998.0,0.0,0.0,0.0,0.0,0,0,0,0,0,0,0,0,0,0,0,0,0,0
2020,COMUNIDAD VALENCIANA,ALGARROBA (GARROFA),ALGARROBA (GARROFA),8724.0,8098.0,0.0,0.0,0.0,0.0,0,0,0,0,0,0,0,0,0,0,0,0,0,0
2021,COMUNIDAD VALENCIANA,ARROZ,ARROZ CÁSCARA,15282.0,115512.0,0.348,0.0,0.0,0.348,0,0,0,0,0,0,0,0,0,0,0,0,0,0
2021,COMUNIDAD VALENCIANA,TRIGO,TRIGO,4889.0,15674.0,0.0,0.0,0.0,0.0,0,0,0,0,0,0,0,0,0,0,0,0,0,0
2021,COMUNIDAD VALENCIANA,CEBADA,CEBADA (2 carreras),14372.0,40919.0,0.221,0.221,0.221,0.221,0,0,0,0,0,0,0,0,0,0,0,0,0,0
2021,COMUNIDAD VALENCIANA,MAÍZ,MAÍZ GRANO,273.0,2571.0,0.263,0.263,0.263,0.263,0,0,0,0,0,0,0,0,0,0,0,0,0,0
2021,COMUNIDAD VALENCIANA,PATATA,PATATA EXTRATEMP Y TEMPRANA,2371.0,77085.0,0.244,0.294,0.343,0.221,0,0,0,0,0,0,0,0,0,0,0,0,0,0
2021,COMUNIDAD VALENCIANA,PATATA,PATATA MED ESTAC Y TARDIA,2371.0,77085.0,0.364,0.364,0.0,0.0,0,0,0,0,0,0,0,0,0,0,0,0,0,0
2021,COMUNIDAD VALENCIANA,CHUFA,CHUFA,608.0,9485.0,0.8,0.0,0.0,0.8,0,0,0,0,0,0,0,0,0,0,0,0,0,0
2021,COMUNIDAD VALENCIANA,ALCACHOFA,ALCACHOFA consumo fresco,4570.0,68681.0,0.969,0.892,0.954,1.062,0,0,0,0,0,0,0,0,0,0,0,0,0,0
2021,COMUNIDAD VALENCIANA,ALCACHOFA,ALCACHOFA industria,4570.0,68681.0,0.357,0.381,0.34,0.23,0,0,0,0,0,0,0,0,0,0,0,0,0,0
2021,COMUNIDAD VALENCIANA,BERENJENA,BERENJENA,249.0,12326.0,0.0,0.0,0.0,0.0,0,0,0,0,0,0,0,0,0,0,0,0,0,0
2021,COMUNIDAD VALENCIANA,BRÓCULI,BRÓCULI,3133.0,67513.0,0.0,0.0,0.0,0.0,0,0,0,0,0,0,0,0,0,0,0,0,0,0
2021,COMUNIDAD VALENCIANA,CEBOLLA,CEBOLLA,1738.0,104826.0,0.67,0.904,0.366,0.617,0,0,0,0,0,0,0,0,0,0,0,0,0,0
2021,COMUNIDAD VALENCIANA,COL Y REPOLLO,COL Y REPOLLO,1718.0,67313.0,0.0,0.0,0.0,0.0,0,0,0,0,0,0,0,0,0,0,0,0,0,0
2021,COMUNIDAD VALENCIANA,COLIFLOR,COLIFLOR,1446.0,36499.0,0.59,0.543,0.499,0.707,0,0,0,0,0,0,0,0,0,0,0,0,0,0
2021,COMUNIDAD VALENCIANA,ESCAROLA,ESCAROLA,537.0,15051.0,0.0,0.0,0.0,0.0,0,0,0,0,0,0,0,0,0,0,0,0,0,0
2021,COMUNIDAD VALENCIANA,ESPINACA,ESPINACA,428.0,9277.0,0.0,0.0,0.0,0.0,0,0,0,0,0,0,0,0,0,0,0,0,0,0
2021,COMUNIDAD VALENCIANA,HABA VERDE,HABA VERDE,559.0,5966.0,0.0,0.0,0.0,0.0,0,0,0,0,0,0,0,0,0,0,0,0,0,0
2021,COMUNIDAD VALENCIANA,JUDÍA VERDE,JUDÍA VERDE,382.0,5476.0,0.0,0.0,0.0,0.0,0,0,0,0,0,0,0,0,0,0,0,0,0,0
2021,COMUNIDAD VALENCIANA,LECHUGA,LECHUGA TOTAL,2011.0,69070.0,0.331,0.389,0.28,0.257,0,0,0,0,0,0,0,0,0,0,0,0,0,0
2021,COMUNIDAD VALENCIANA,MELÓN,MELÓN,1374.0,41676.0,0.398,0.355,0.549,0.0,0,0,0,0,0,0,0,0,0,0,0,0,0,0
2021,COMUNIDAD VALENCIANA,PEPINO,PEPINO,147.0,6345.0,0.0,0.0,0.0,0.0,0,0,0,0,0,0,0,0,0,0,0,0,0,0
2021,COMUNIDAD VALENCIANA,PIMIENTO,PIMIENTO CONSUMO EN FRESCO,891.0,70879.0,0.69,0.697,0.913,0.643,0,0,0,0,0,0,0,0,0,0,0,0,0,0
2021,COMUNIDAD VALENCIANA,SANDÍA,SANDÍA,1577.0,76470.0,0.201,0.179,0.194,0.209,0,0,0,0,0,0,0,0,0,0,0,0,0,0
2021,COMUNIDAD VALENCIANA,TOMATE,TOMATE CONSUMO EN FRESCO,1101.0,67932.0,0.942,0.954,0.941,0.854,0,0,0,0,0,0,0,0,0,0,0,0,0,0
2021,COMUNIDAD VALENCIANA,ALFALFA,HENO DE ALFALFA,1424.0,62638.0,0.152,0.152,0.152,0.152,0,0,0,0,0,0,0,0,0,0,0,0,0,0
2021,COMUNIDAD VALENCIANA,FLORES (1),FLOR CORTADA CLAVELES (euros/docena),79.0,2951.0,1.608,1.608,0.0,0.0,0,0,0,0,0,0,0,0,0,0,0,0,0,0
2021,COMUNIDAD VALENCIANA,FLORES (1),FLOR CORTADA ROSAS (euros/docena),79.0,2951.0,6.261,5.445,0.0,9.36,0,0,0,0,0,0,0,0,0,0,0,0,0,0
2021,COMUNIDAD VALENCIANA,P. ORNAMENTAL (1),P. ORNAMENTAL (1),1870.0,97516.0,0.0,0.0,0.0,0.0,0,0,0,0,0,0,0,0,0,0,0,0,0,0
2021,COMUNIDAD VALENCIANA,NARANJO DULCE,NAVELINA,70662.0,1609337.0,0.171,0.175,0.158,0.171,0,0,0,0,0,0,0,0,0,0,0,0,0,0
2021,COMUNIDAD VALENCIANA,NARANJO DULCE,W. NAVEL,70662.0,1609337.0,0.172,0.211,0.185,0.165,0,0,0,0,0,0,0,0,0,0,0,0,0,0
2021,COMUNIDAD VALENCIANA,NARANJO DULCE,NAVEL LANE LATE,70662.0,1609337.0,0.319,0.403,0.281,0.294,0,0,0,0,0,0,0,0,0,0,0,0,0,0
2021,COMUNIDAD VALENCIANA,NARANJO DULCE,SALUSTIANA,70662.0,1609337.0,0.182,0.194,0.206,0.177,0,0,0,0,0,0,0,0,0,0,0,0,0,0
2021,COMUNIDAD VALENCIANA,NARANJO DULCE,VALENCIA LATE,70662.0,1609337.0,0.368,0.37,0.366,0.368,0,0,0,0,0,0,0,0,0,0,0,0,0,0
2021,COMUNIDAD VALENCIANA,MANDARINO,CLAUSELLINA-OKITSU,69527.0,1337837.0,0.228,0.244,0.216,0.227,0,0,0,0,0,0,0,0,0,0,0,0,0,0
2021,COMUNIDAD VALENCIANA,MANDARINO,SATSUMA-OWARI,69527.0,1337837.0,0.18,0.176,0.18,0.18,0,0,0,0,0,0,0,0,0,0,0,0,0,0
2021,COMUNIDAD VALENCIANA,MANDARINO,CLEMENRUBI,69527.0,1337837.0,0.506,0.596,0.539,0.486,0,0,0,0,0,0,0,0,0,0,0,0,0,0
2021,COMUNIDAD VALENCIANA,MANDARINO,MARISOL,69527.0,1337837.0,0.303,0.314,0.303,0.301,0,0,0,0,0,0,0,0,0,0,0,0,0,0
2021,COMUNIDAD VALENCIANA,MANDARINO,CLEMENTINA DE NULES,69527.0,1337837.0,0.312,0.269,0.324,0.3,0,0,0,0,0,0,0,0,0,0,0,0,0,0
2021,COMUNIDAD VALENCIANA,MANDARINO,CLEMENTINA HERNANDINA,69527.0,1337837.0,0.358,0.283,0.365,0.0,0,0,0,0,0,0,0,0,0,0,0,0,0,0
2021,COMUNIDAD VALENCIANA,MANDARINO,CLEMENVILLA O NOVA,69527.0,1337837.0,0.298,0.305,0.343,0.287,0,0,0,0,0,0,0,0,0,0,0,0,0,0
2021,COMUNIDAD VALENCIANA,MANDARINO,ORTANIQUE,69527.0,1337837.0,0.236,0.225,0.234,0.238,0,0,0,0,0,0,0,0,0,0,0,0,0,0
2021,COMUNIDAD VALENCIANA,MANDARINO,NADORCOTT,69527.0,1337837.0,0.665,0.722,0.705,0.618,0,0,0,0,0,0,0,0,0,0,0,0,0,0
2021,COMUNIDAD VALENCIANA,MANDARINO,OTRAS MANDARINAS HÍBRIDAS,69527.0,1337837.0,0.695,0.733,0.822,0.612,0,0,0,0,0,0,0,0,0,0,0,0,0,0
2021,COMUNIDAD VALENCIANA,LIMONERO,LIMÓN VERNA,16392.0,268079.0,0.352,0.352,0.0,0.0,0,0,0,0,0,0,0,0,0,0,0,0,0,0
2021,COMUNIDAD VALENCIANA,LIMONERO,LIMÓN FINO (Mesero),16392.0,268079.0,0.232,0.232,0.0,0.0,0,0,0,0,0,0,0,0,0,0,0,0,0,0
2021,COMUNIDAD VALENCIANA,MANZANA,MANZANA CONSUMO FRESCO,576.0,6988.0,0.904,0.904,0.0,0.0,0,0,0,0,0,0,0,0,0,0,0,0,0,0
2021,COMUNIDAD VALENCIANA,PERA,PERA CONSUMO EN FRESCO,321.0,3822.0,0.0,0.0,0.0,0.0,0,0,0,0,0,0,0,0,0,0,0,0,0,0
2021,COMUNIDAD VALENCIANA,NÍSPERO,NISPERO,1057.0,15728.0,1.062,1.066,0.98,0.0,0,0,0,0,0,0,0,0,0,0,0,0,0,0
2021,COMUNIDAD VALENCIANA,ALBARICOQUE,ALBARICOQUE CONSUMO EN FRESCO,3253.0,24295.0,1.034,0.95,0.0,1.06,0,0,0,0,0,0,0,0,0,0,0,0,0,0
2021,COMUNIDAD VALENCIANA,CEREZA,CEREZA,2522.0,6977.0,1.685,1.465,2.865,0.0,0,0,0,0,0,0,0,0,0,0,0,0,0,0
2021,COMUNIDAD VALENCIANA,MELOCOTÓN (3),MELOCOTÓN  CONSUMO EN FRESCO,3969.0,36515.0,0.797,0.0,0.0,0.797,0,0,0,0,0,0,0,0,0,0,0,0,0,0
2021,COMUNIDAD VALENCIANA,CIRUELA,CIRUELA,1483.0,12243.0,0.632,0.624,0.0,0.641,0,0,0,0,0,0,0,0,0,0,0,0,0,0
2021,COMUNIDAD VALENCIANA,GRANADA,GRANADA,3716.0,58859.0,0.57,0.57,0.0,0.0,0,0,0,0,0,0,0,0,0,0,0,0,0,0
2021,COMUNIDAD VALENCIANA,CAQUI,CAQUI,15141.0,425339.0,0.38,0.0,0.0,0.38,0,0,0,0,0,0,0,0,0,0,0,0,0,0
2021,COMUNIDAD VALENCIANA,AGUACATE,AGUACATE,2093.0,8993.0,0.0,0.0,0.0,0.0,0,0,0,0,0,0,0,0,0,0,0,0,0,0
2021,COMUNIDAD VALENCIANA,ALMENDRA,ALMENDRA CASCARA,92408.0,33297.0,1.151,1.058,1.28,1.172,0,0,0,0,0,0,0,0,0,0,0,0,0,0
2021,COMUNIDAD VALENCIANA,UVA DE MESA,UVA DE MESA,5457.0,100046.0,0.79,0.79,0.0,0.0,0,0,0,0,0,0,0,0,0,0,0,0,0,0
2021,COMUNIDAD VALENCIANA,UVA DE VINIFICACIÓN,VINO BLANCO DOP+IGP  (R(CE) 479/2008),57436.0,315824.0,46.31,27.65,0.0,48.59,0,0,0,0,0,0,0,0,0,0,0,0,0,0
2021,COMUNIDAD VALENCIANA,UVA DE VINIFICACIÓN,VINO BLANCO VARIETAL+OTROS (R(CE) 479/2008),57436.0,315824.0,45.46,0.0,0.0,45.46,0,0,0,0,0,0,0,0,0,0,0,0,0,0
2021,COMUNIDAD VALENCIANA,UVA DE VINIFICACIÓN,VINO TINTO Y ROSADO DOP+IGP (R(CE) 479/2008),57436.0,315824.0,40.86,41.8,0.0,40.68,0,0,0,0,0,0,0,0,0,0,0,0,0,0
2021,COMUNIDAD VALENCIANA,UVA DE VINIFICACIÓN,VINO TINTO Y ROSADO VARIETAL+OTROS (R(CE) 479/2008),57436.0,315824.0,41.45,37.3,0.0,41.64,0,0,0,0,0,0,0,0,0,0,0,0,0,0
2021,COMUNIDAD VALENCIANA,OLIVO,OLIVO,94104.0,130182.0,0.0,0.0,0.0,0.0,0,0,0,0,0,0,0,0,0,0,0,0,0,0
2021,COMUNIDAD VALENCIANA,ALGARROBA (GARROFA),ALGARROBA (GARROFA),17179.0,12699.0,0.0,0.0,0.0,0.0,0,0,0,0,0,0,0,0,0,0,0,0,0,0
2021,COMUNIDAD VALENCIANA,ARROZ (CÁSCARA),ARROZ (CÁSCARA),435.0,1193.0,0.0,0.0,0.0,0.0,0,0,0,0,0,0,0,0,0,0,0,0,0,0
2021,COMUNIDAD VALENCIANA,TRIGO,TRIGO,1570.0,5651.0,0.0,0.0,0.0,0.0,0,0,0,0,0,0,0,0,0,0,0,0,0,0
2021,COMUNIDAD VALENCIANA,CEBADA,CEBADA (2 carreras),3020.0,8459.0,0.221,0.221,0.221,0.221,0,0,0,0,0,0,0,0,0,0,0,0,0,0
2021,COMUNIDAD VALENCIANA,MAÍZ,MAÍZ GRANO,71.0,852.0,0.263,0.263,0.263,0.263,0,0,0,0,0,0,0,0,0,0,0,0,0,0
2021,COMUNIDAD VALENCIANA,PATATA TOTAL,PATATA TOTAL,934.0,26075.0,0.0,0.0,0.0,0.0,0,0,0,0,0,0,0,0,0,0,0,0,0,0
2021,COMUNIDAD VALENCIANA,CHUFA,CHUFA,0.0,0.0,0.8,0.0,0.0,0.8,0,0,0,0,0,0,0,0,0,0,0,0,0,0
2021,COMUNIDAD VALENCIANA,ALCACHOFA,ALCACHOFA consumo fresco,2411.0,34538.0,0.969,0.892,0.954,1.062,0,0,0,0,0,0,0,0,0,0,0,0,0,0
2021,COMUNIDAD VALENCIANA,ALCACHOFA,ALCACHOFA industria,2411.0,34538.0,0.357,0.381,0.34,0.23,0,0,0,0,0,0,0,0,0,0,0,0,0,0
2021,COMUNIDAD VALENCIANA,BERENJENA,BERENJENA,57.0,2990.0,0.0,0.0,0.0,0.0,0,0,0,0,0,0,0,0,0,0,0,0,0,0
2021,COMUNIDAD VALENCIANA,BRÓCULI,BRÓCULI,3036.0,65578.0,0.0,0.0,0.0,0.0,0,0,0,0,0,0,0,0,0,0,0,0,0,0
2021,COMUNIDAD VALENCIANA,CEBOLLA,CEBOLLA,404.0,17118.0,0.67,0.904,0.366,0.617,0,0,0,0,0,0,0,0,0,0,0,0,0,0
2021,COMUNIDAD VALENCIANA,COL Y REPOLLO,COL Y REPOLLO,321.0,13278.0,0.0,0.0,0.0,0.0,0,0,0,0,0,0,0,0,0,0,0,0,0,0
2021,COMUNIDAD VALENCIANA,COLIFLOR,COLIFLOR,472.0,11800.0,0.59,0.543,0.499,0.707,0,0,0,0,0,0,0,0,0,0,0,0,0,0
2021,COMUNIDAD VALENCIANA,ESCAROLA,ESCAROLA,190.0,6270.0,0.0,0.0,0.0,0.0,0,0,0,0,0,0,0,0,0,0,0,0,0,0
2021,COMUNIDAD VALENCIANA,ESPINACA,ESPINACA,225.0,5625.0,0.0,0.0,0.0,0.0,0,0,0,0,0,0,0,0,0,0,0,0,0,0
2021,COMUNIDAD VALENCIANA,HABA VERDE,HABA VERDE,408.0,4896.0,0.0,0.0,0.0,0.0,0,0,0,0,0,0,0,0,0,0,0,0,0,0
2021,COMUNIDAD VALENCIANA,JUDÍA VERDE,JUDÍA VERDE,42.0,630.0,0.0,0.0,0.0,0.0,0,0,0,0,0,0,0,0,0,0,0,0,0,0
2021,COMUNIDAD VALENCIANA,LECHUGA,LECHUGA TOTAL,1159.0,40410.0,0.331,0.389,0.28,0.257,0,0,0,0,0,0,0,0,0,0,0,0,0,0
2021,COMUNIDAD VALENCIANA,MELÓN,MELÓN,978.0,30765.0,0.398,0.355,0.549,0.0,0,0,0,0,0,0,0,0,0,0,0,0,0,0
2021,COMUNIDAD VALENCIANA,PEPINO,PEPINO,55.0,2850.0,0.0,0.0,0.0,0.0,0,0,0,0,0,0,0,0,0,0,0,0,0,0
2021,COMUNIDAD VALENCIANA,PIMIENTO,PIMIENTO CONSUMO EN FRESCO,413.0,44650.0,0.69,0.697,0.913,0.643,0,0,0,0,0,0,0,0,0,0,0,0,0,0
2021,COMUNIDAD VALENCIANA,SANDÍA,SANDÍA,318.0,21306.0,0.201,0.179,0.194,0.209,0,0,0,0,0,0,0,0,0,0,0,0,0,0
2021,COMUNIDAD VALENCIANA,TOMATE,TOMATE CONSUMO EN FRESCO,422.0,43845.0,0.942,0.954,0.941,0.854,0,0,0,0,0,0,0,0,0,0,0,0,0,0
2021,COMUNIDAD VALENCIANA,ALFALFA,HENO DE ALFALFA,832.0,53195.0,0.152,0.152,0.152,0.152,0,0,0,0,0,0,0,0,0,0,0,0,0,0
2021,COMUNIDAD VALENCIANA,FLORES (1),FLOR CORTADA CLAVELES (euros/docena),60.0,2274.0,1.608,1.608,0.0,0.0,0,0,0,0,0,0,0,0,0,0,0,0,0,0
2021,COMUNIDAD VALENCIANA,FLORES (1),FLOR CORTADA ROSAS (euros/docena),60.0,2274.0,6.261,5.445,0.0,9.36,0,0,0,0,0,0,0,0,0,0,0,0,0,0
2021,COMUNIDAD VALENCIANA,P. ORNAMENTAL (1),P. ORNAMENTAL (1),344.0,17407.0,0.0,0.0,0.0,0.0,0,0,0,0,0,0,0,0,0,0,0,0,0,0
2021,COMUNIDAD VALENCIANA,NARANJO DULCE,NAVELINA,10024.0,222108.0,0.171,0.175,0.158,0.171,0,0,0,0,0,0,0,0,0,0,0,0,0,0
2021,COMUNIDAD VALENCIANA,NARANJO DULCE,W. NAVEL,10024.0,222108.0,0.172,0.211,0.185,0.165,0,0,0,0,0,0,0,0,0,0,0,0,0,0
2021,COMUNIDAD VALENCIANA,NARANJO DULCE,NAVEL LANE LATE,10024.0,222108.0,0.319,0.403,0.281,0.294,0,0,0,0,0,0,0,0,0,0,0,0,0,0
2021,COMUNIDAD VALENCIANA,NARANJO DULCE,SALUSTIANA,10024.0,222108.0,0.182,0.194,0.206,0.177,0,0,0,0,0,0,0,0,0,0,0,0,0,0
2021,COMUNIDAD VALENCIANA,NARANJO DULCE,VALENCIA LATE,10024.0,222108.0,0.368,0.37,0.366,0.368,0,0,0,0,0,0,0,0,0,0,0,0,0,0
2021,COMUNIDAD VALENCIANA,MANDARINO,CLAUSELLINA-OKITSU,7320.0,156213.0,0.228,0.244,0.216,0.227,0,0,0,0,0,0,0,0,0,0,0,0,0,0
2021,COMUNIDAD VALENCIANA,MANDARINO,SATSUMA-OWARI,7320.0,156213.0,0.18,0.176,0.18,0.18,0,0,0,0,0,0,0,0,0,0,0,0,0,0
2021,COMUNIDAD VALENCIANA,MANDARINO,CLEMENRUBI,7320.0,156213.0,0.506,0.596,0.539,0.486,0,0,0,0,0,0,0,0,0,0,0,0,0,0
2021,COMUNIDAD VALENCIANA,MANDARINO,MARISOL,7320.0,156213.0,0.303,0.314,0.303,0.301,0,0,0,0,0,0,0,0,0,0,0,0,0,0
2021,COMUNIDAD VALENCIANA,MANDARINO,CLEMENTINA DE NULES,7320.0,156213.0,0.312,0.269,0.324,0.3,0,0,0,0,0,0,0,0,0,0,0,0,0,0
2021,COMUNIDAD VALENCIANA,MANDARINO,CLEMENTINA HERNANDINA,7320.0,156213.0,0.358,0.283,0.365,0.0,0,0,0,0,0,0,0,0,0,0,0,0,0,0
2021,COMUNIDAD VALENCIANA,MANDARINO,CLEMENVILLA O NOVA,7320.0,156213.0,0.298,0.305,0.343,0.287,0,0,0,0,0,0,0,0,0,0,0,0,0,0
2021,COMUNIDAD VALENCIANA,MANDARINO,ORTANIQUE,7320.0,156213.0,0.236,0.225,0.234,0.238,0,0,0,0,0,0,0,0,0,0,0,0,0,0
2021,COMUNIDAD VALENCIANA,MANDARINO,NADORCOTT,7320.0,156213.0,0.665,0.722,0.705,0.618,0,0,0,0,0,0,0,0,0,0,0,0,0,0
2021,COMUNIDAD VALENCIANA,MANDARINO,OTRAS MANDARINAS HÍBRIDAS,7320.0,156213.0,0.695,0.733,0.822,0.612,0,0,0,0,0,0,0,0,0,0,0,0,0,0
2021,COMUNIDAD VALENCIANA,LIMONERO,LIMÓN VERNA,16088.0,266250.0,0.352,0.352,0.0,0.0,0,0,0,0,0,0,0,0,0,0,0,0,0,0
2021,COMUNIDAD VALENCIANA,LIMONERO,LIMÓN FINO (Mesero),16088.0,266250.0,0.232,0.232,0.0,0.0,0,0,0,0,0,0,0,0,0,0,0,0,0,0
2021,COMUNIDAD VALENCIANA,MANZANA,MANZANA CONSUMO FRESCO,393.0,4899.0,0.904,0.904,0.0,0.0,0,0,0,0,0,0,0,0,0,0,0,0,0,0
2021,COMUNIDAD VALENCIANA,PERA,PERA CONSUMO EN FRESCO,141.0,1733.0,0.0,0.0,0.0,0.0,0,0,0,0,0,0,0,0,0,0,0,0,0,0
2021,COMUNIDAD VALENCIANA,NÍSPERO,NISPERO,856.0,14868.0,1.062,1.066,0.98,0.0,0,0,0,0,0,0,0,0,0,0,0,0,0,0
2021,COMUNIDAD VALENCIANA,ALBARICOQUE,ALBARICOQUE CONSUMO EN FRESCO,597.0,6584.0,1.034,0.95,0.0,1.06,0,0,0,0,0,0,0,0,0,0,0,0,0,0
2021,COMUNIDAD VALENCIANA,CEREZA,CEREZA,1871.0,5977.0,1.685,1.465,2.865,0.0,0,0,0,0,0,0,0,0,0,0,0,0,0,0
2021,COMUNIDAD VALENCIANA,MELOCOTÓN (3),MELOCOTÓN  CONSUMO EN FRESCO,429.0,4084.0,0.797,0.0,0.0,0.797,0,0,0,0,0,0,0,0,0,0,0,0,0,0
2021,COMUNIDAD VALENCIANA,CIRUELA,CIRUELA,331.0,1598.0,0.632,0.624,0.0,0.641,0,0,0,0,0,0,0,0,0,0,0,0,0,0
2021,COMUNIDAD VALENCIANA,GRANADA,GRANADA,3044.0,51912.0,0.57,0.57,0.0,0.0,0,0,0,0,0,0,0,0,0,0,0,0,0,0
2021,COMUNIDAD VALENCIANA,CAQUI,CAQUI,87.0,960.0,0.38,0.0,0.0,0.38,0,0,0,0,0,0,0,0,0,0,0,0,0,0
2021,COMUNIDAD VALENCIANA,AGUACATE,AGUACATE,363.0,2187.0,0.0,0.0,0.0,0.0,0,0,0,0,0,0,0,0,0,0,0,0,0,0
2021,COMUNIDAD VALENCIANA,ALMENDRA,ALMENDRA CASCARA,22503.0,14716.0,1.151,1.058,1.28,1.172,0,0,0,0,0,0,0,0,0,0,0,0,0,0
2021,COMUNIDAD VALENCIANA,UVA DE MESA,UVA DE MESA,5264.0,99748.0,0.79,0.79,0.0,0.0,0,0,0,0,0,0,0,0,0,0,0,0,0,0
2021,COMUNIDAD VALENCIANA,UVA DE VINIFICACIÓN,VINO BLANCO DOP+IGP  (R(CE) 479/2008),10246.0,29018.0,46.31,27.65,0.0,48.59,0,0,0,0,0,0,0,0,0,0,0,0,0,0
2021,COMUNIDAD VALENCIANA,UVA DE VINIFICACIÓN,VINO BLANCO VARIETAL+OTROS (R(CE) 479/2008),10246.0,29018.0,45.46,0.0,0.0,45.46,0,0,0,0,0,0,0,0,0,0,0,0,0,0
2021,COMUNIDAD VALENCIANA,UVA DE VINIFICACIÓN,VINO TINTO Y ROSADO DOP+IGP (R(CE) 479/2008),10246.0,29018.0,40.86,41.8,0.0,40.68,0,0,0,0,0,0,0,0,0,0,0,0,0,0
2021,COMUNIDAD VALENCIANA,UVA DE VINIFICACIÓN,VINO TINTO Y ROSADO VARIETAL+OTROS (R(CE) 479/2008),10246.0,29018.0,41.45,37.3,0.0,41.64,0,0,0,0,0,0,0,0,0,0,0,0,0,0
2021,COMUNIDAD VALENCIANA,OLIVO,OLIVO,29563.0,45038.0,0.0,0.0,0.0,0.0,0,0,0,0,0,0,0,0,0,0,0,0,0,0
2021,COMUNIDAD VALENCIANA,ALGARROBA (GARROFA),ALGARROBA (GARROFA),729.0,941.0,0.0,0.0,0.0,0.0,0,0,0,0,0,0,0,0,0,0,0,0,0,0
2021,COMUNIDAD VALENCIANA,ARROZ,ARROZ CÁSCARA,153.0,1190.0,0.348,0.0,0.0,0.348,0,0,0,0,0,0,0,0,0,0,0,0,0,0
2021,COMUNIDAD VALENCIANA,TRIGO,TRIGO,700.0,1536.0,0.0,0.0,0.0,0.0,0,0,0,0,0,0,0,0,0,0,0,0,0,0
2021,COMUNIDAD VALENCIANA,CEBADA,CEBADA (2 carreras),3038.0,5795.0,0.221,0.221,0.221,0.221,0,0,0,0,0,0,0,0,0,0,0,0,0,0
2021,COMUNIDAD VALENCIANA,MAÍZ,MAÍZ GRANO,104.0,347.0,0.263,0.263,0.263,0.263,0,0,0,0,0,0,0,0,0,0,0,0,0,0
2021,COMUNIDAD VALENCIANA,PATATA,PATATA EXTRATEMP Y TEMPRANA,431.0,11013.0,0.244,0.294,0.343,0.221,0,0,0,0,0,0,0,0,0,0,0,0,0,0
2021,COMUNIDAD VALENCIANA,PATATA,PATATA MED ESTAC Y TARDIA,431.0,11013.0,0.364,0.364,0.0,0.0,0,0,0,0,0,0,0,0,0,0,0,0,0,0
2021,COMUNIDAD VALENCIANA,CHUFA,CHUFA,0.0,0.0,0.8,0.0,0.0,0.8,0,0,0,0,0,0,0,0,0,0,0,0,0,0
2021,COMUNIDAD VALENCIANA,ALCACHOFA,ALCACHOFA consumo fresco,1140.0,13771.0,0.969,0.892,0.954,1.062,0,0,0,0,0,0,0,0,0,0,0,0,0,0
2021,COMUNIDAD VALENCIANA,ALCACHOFA,ALCACHOFA industria,1140.0,13771.0,0.357,0.381,0.34,0.23,0,0,0,0,0,0,0,0,0,0,0,0,0,0
2021,COMUNIDAD VALENCIANA,BERENJENA,BERENJENA,71.0,1768.0,0.0,0.0,0.0,0.0,0,0,0,0,0,0,0,0,0,0,0,0,0,0
2021,COMUNIDAD VALENCIANA,BRÓCULI,BRÓCULI,97.0,1935.0,0.0,0.0,0.0,0.0,0,0,0,0,0,0,0,0,0,0,0,0,0,0
2021,COMUNIDAD VALENCIANA,CEBOLLA,CEBOLLA,206.0,4435.0,0.67,0.904,0.366,0.617,0,0,0,0,0,0,0,0,0,0,0,0,0,0
2021,COMUNIDAD VALENCIANA,COL Y REPOLLO,COL Y REPOLLO,484.0,15178.0,0.0,0.0,0.0,0.0,0,0,0,0,0,0,0,0,0,0,0,0,0,0
2021,COMUNIDAD VALENCIANA,COLIFLOR,COLIFLOR,358.0,8503.0,0.59,0.543,0.499,0.707,0,0,0,0,0,0,0,0,0,0,0,0,0,0
2021,COMUNIDAD VALENCIANA,ESCAROLA,ESCAROLA,229.0,4580.0,0.0,0.0,0.0,0.0,0,0,0,0,0,0,0,0,0,0,0,0,0,0
2021,COMUNIDAD VALENCIANA,ESPINACA,ESPINACA,10.0,214.0,0.0,0.0,0.0,0.0,0,0,0,0,0,0,0,0,0,0,0,0,0,0
2021,COMUNIDAD VALENCIANA,HABA VERDE,HABA VERDE,60.0,531.0,0.0,0.0,0.0,0.0,0,0,0,0,0,0,0,0,0,0,0,0,0,0
2021,COMUNIDAD VALENCIANA,JUDÍA VERDE,JUDÍA VERDE,250.0,4188.0,0.0,0.0,0.0,0.0,0,0,0,0,0,0,0,0,0,0,0,0,0,0
2021,COMUNIDAD VALENCIANA,LECHUGA,LECHUGA TOTAL,385.0,7629.0,0.331,0.389,0.28,0.257,0,0,0,0,0,0,0,0,0,0,0,0,0,0
2021,COMUNIDAD VALENCIANA,MELÓN,MELÓN,292.0,6725.0,0.398,0.355,0.549,0.0,0,0,0,0,0,0,0,0,0,0,0,0,0,0
2021,COMUNIDAD VALENCIANA,PEPINO,PEPINO,69.0,2190.0,0.0,0.0,0.0,0.0,0,0,0,0,0,0,0,0,0,0,0,0,0,0
2021,COMUNIDAD VALENCIANA,PIMIENTO,PIMIENTO CONSUMO EN FRESCO,114.0,2569.0,0.69,0.697,0.913,0.643,0,0,0,0,0,0,0,0,0,0,0,0,0,0
2021,COMUNIDAD VALENCIANA,SANDÍA,SANDÍA,442.0,9744.0,0.201,0.179,0.194,0.209,0,0,0,0,0,0,0,0,0,0,0,0,0,0
2021,COMUNIDAD VALENCIANA,TOMATE,TOMATE CONSUMO EN FRESCO,491.0,15461.0,0.942,0.954,0.941,0.854,0,0,0,0,0,0,0,0,0,0,0,0,0,0
2021,COMUNIDAD VALENCIANA,ALFALFA,HENO DE ALFALFA,345.0,6345.0,0.152,0.152,0.152,0.152,0,0,0,0,0,0,0,0,0,0,0,0,0,0
2021,COMUNIDAD VALENCIANA,FLORES (1),FLOR CORTADA CLAVELES (euros/docena),5.0,125.0,1.608,1.608,0.0,0.0,0,0,0,0,0,0,0,0,0,0,0,0,0,0
2021,COMUNIDAD VALENCIANA,FLORES (1),FLOR CORTADA ROSAS (euros/docena),5.0,125.0,6.261,5.445,0.0,9.36,0,0,0,0,0,0,0,0,0,0,0,0,0,0
2021,COMUNIDAD VALENCIANA,P. ORNAMENTAL (1),P. ORNAMENTAL (1),370.0,31529.0,0.0,0.0,0.0,0.0,0,0,0,0,0,0,0,0,0,0,0,0,0,0
2021,COMUNIDAD VALENCIANA,NARANJO DULCE,NAVELINA,6421.0,119219.0,0.171,0.175,0.158,0.171,0,0,0,0,0,0,0,0,0,0,0,0,0,0
2021,COMUNIDAD VALENCIANA,NARANJO DULCE,W. NAVEL,6421.0,119219.0,0.172,0.211,0.185,0.165,0,0,0,0,0,0,0,0,0,0,0,0,0,0
2021,COMUNIDAD VALENCIANA,NARANJO DULCE,NAVEL LANE LATE,6421.0,119219.0,0.319,0.403,0.281,0.294,0,0,0,0,0,0,0,0,0,0,0,0,0,0
2021,COMUNIDAD VALENCIANA,NARANJO DULCE,SALUSTIANA,6421.0,119219.0,0.182,0.194,0.206,0.177,0,0,0,0,0,0,0,0,0,0,0,0,0,0
2021,COMUNIDAD VALENCIANA,NARANJO DULCE,VALENCIA LATE,6421.0,119219.0,0.368,0.37,0.366,0.368,0,0,0,0,0,0,0,0,0,0,0,0,0,0
2021,COMUNIDAD VALENCIANA,MANDARINO,CLAUSELLINA-OKITSU,25816.0,451299.0,0.228,0.244,0.216,0.227,0,0,0,0,0,0,0,0,0,0,0,0,0,0
2021,COMUNIDAD VALENCIANA,MANDARINO,SATSUMA-OWARI,25816.0,451299.0,0.18,0.176,0.18,0.18,0,0,0,0,0,0,0,0,0,0,0,0,0,0
2021,COMUNIDAD VALENCIANA,MANDARINO,CLEMENRUBI,25816.0,451299.0,0.506,0.596,0.539,0.486,0,0,0,0,0,0,0,0,0,0,0,0,0,0
2021,COMUNIDAD VALENCIANA,MANDARINO,MARISOL,25816.0,451299.0,0.303,0.314,0.303,0.301,0,0,0,0,0,0,0,0,0,0,0,0,0,0
2021,COMUNIDAD VALENCIANA,MANDARINO,CLEMENTINA DE NULES,25816.0,451299.0,0.312,0.269,0.324,0.3,0,0,0,0,0,0,0,0,0,0,0,0,0,0
2021,COMUNIDAD VALENCIANA,MANDARINO,CLEMENTINA HERNANDINA,25816.0,451299.0,0.358,0.283,0.365,0.0,0,0,0,0,0,0,0,0,0,0,0,0,0,0
2021,COMUNIDAD VALENCIANA,MANDARINO,CLEMENVILLA O NOVA,25816.0,451299.0,0.298,0.305,0.343,0.287,0,0,0,0,0,0,0,0,0,0,0,0,0,0
2021,COMUNIDAD VALENCIANA,MANDARINO,ORTANIQUE,25816.0,451299.0,0.236,0.225,0.234,0.238,0,0,0,0,0,0,0,0,0,0,0,0,0,0
2021,COMUNIDAD VALENCIANA,MANDARINO,NADORCOTT,25816.0,451299.0,0.665,0.722,0.705,0.618,0,0,0,0,0,0,0,0,0,0,0,0,0,0
2021,COMUNIDAD VALENCIANA,MANDARINO,OTRAS MANDARINAS HÍBRIDAS,25816.0,451299.0,0.695,0.733,0.822,0.612,0,0,0,0,0,0,0,0,0,0,0,0,0,0
2021,COMUNIDAD VALENCIANA,LIMONERO,LIMÓN VERNA,78.0,364.0,0.352,0.352,0.0,0.0,0,0,0,0,0,0,0,0,0,0,0,0,0,0
2021,COMUNIDAD VALENCIANA,LIMONERO,LIMÓN FINO (Mesero),78.0,364.0,0.232,0.232,0.0,0.0,0,0,0,0,0,0,0,0,0,0,0,0,0,0
2021,COMUNIDAD VALENCIANA,MANZANA,MANZANA CONSUMO FRESCO,77.0,581.0,0.904,0.904,0.0,0.0,0,0,0,0,0,0,0,0,0,0,0,0,0,0
2021,COMUNIDAD VALENCIANA,PERA,PERA CONSUMO EN FRESCO,148.0,1513.0,0.0,0.0,0.0,0.0,0,0,0,0,0,0,0,0,0,0,0,0,0,0
2021,COMUNIDAD VALENCIANA,NÍSPERO,NISPERO,152.0,632.0,1.062,1.066,0.98,0.0,0,0,0,0,0,0,0,0,0,0,0,0,0,0
2021,COMUNIDAD VALENCIANA,ALBARICOQUE,ALBARICOQUE CONSUMO EN FRESCO,187.0,870.0,1.034,0.95,0.0,1.06,0,0,0,0,0,0,0,0,0,0,0,0,0,0
2021,COMUNIDAD VALENCIANA,CEREZA,CEREZA,570.0,871.0,1.685,1.465,2.865,0.0,0,0,0,0,0,0,0,0,0,0,0,0,0,0
2021,COMUNIDAD VALENCIANA,MELOCOTÓN (3),MELOCOTÓN  CONSUMO EN FRESCO,356.0,1731.0,0.797,0.0,0.0,0.797,0,0,0,0,0,0,0,0,0,0,0,0,0,0
2021,COMUNIDAD VALENCIANA,CIRUELA,CIRUELA,97.0,598.0,0.632,0.624,0.0,0.641,0,0,0,0,0,0,0,0,0,0,0,0,0,0
2021,COMUNIDAD VALENCIANA,GRANADA,GRANADA,115.0,1494.0,0.57,0.57,0.0,0.0,0,0,0,0,0,0,0,0,0,0,0,0,0,0
2021,COMUNIDAD VALENCIANA,CAQUI,CAQUI,159.0,2160.0,0.38,0.0,0.0,0.38,0,0,0,0,0,0,0,0,0,0,0,0,0,0
2021,COMUNIDAD VALENCIANA,AGUACATE,AGUACATE,575.0,2100.0,0.0,0.0,0.0,0.0,0,0,0,0,0,0,0,0,0,0,0,0,0,0
2021,COMUNIDAD VALENCIANA,ALMENDRA,ALMENDRA CASCARA,35424.0,5682.0,1.151,1.058,1.28,1.172,0,0,0,0,0,0,0,0,0,0,0,0,0,0
2021,COMUNIDAD VALENCIANA,UVA DE MESA,UVA DE MESA,44.0,110.0,0.79,0.79,0.0,0.0,0,0,0,0,0,0,0,0,0,0,0,0,0,0
2021,COMUNIDAD VALENCIANA,UVA DE VINIFICACIÓN,VINO BLANCO DOP+IGP  (R(CE) 479/2008),747.0,1438.0,46.31,27.65,0.0,48.59,0,0,0,0,0,0,0,0,0,0,0,0,0,0
2021,COMUNIDAD VALENCIANA,UVA DE VINIFICACIÓN,VINO BLANCO VARIETAL+OTROS (R(CE) 479/2008),747.0,1438.0,45.46,0.0,0.0,45.46,0,0,0,0,0,0,0,0,0,0,0,0,0,0
2021,COMUNIDAD VALENCIANA,UVA DE VINIFICACIÓN,VINO TINTO Y ROSADO DOP+IGP (R(CE) 479/2008),747.0,1438.0,40.86,41.8,0.0,40.68,0,0,0,0,0,0,0,0,0,0,0,0,0,0
2021,COMUNIDAD VALENCIANA,UVA DE VINIFICACIÓN,VINO TINTO Y ROSADO VARIETAL+OTROS (R(CE) 479/2008),747.0,1438.0,41.45,37.3,0.0,41.64,0,0,0,0,0,0,0,0,0,0,0,0,0,0
2021,COMUNIDAD VALENCIANA,OLIVO,OLIVO,32628.0,38285.0,0.0,0.0,0.0,0.0,0,0,0,0,0,0,0,0,0,0,0,0,0,0
2021,COMUNIDAD VALENCIANA,ALGARROBA (GARROFA),ALGARROBA (GARROFA),7720.0,3650.0,0.0,0.0,0.0,0.0,0,0,0,0,0,0,0,0,0,0,0,0,0,0
2021,COMUNIDAD VALENCIANA,ARROZ,ARROZ CÁSCARA,14694.0,113129.0,0.348,0.0,0.0,0.348,0,0,0,0,0,0,0,0,0,0,0,0,0,0
2021,COMUNIDAD VALENCIANA,TRIGO,TRIGO,2619.0,8487.0,0.0,0.0,0.0,0.0,0,0,0,0,0,0,0,0,0,0,0,0,0,0
2021,COMUNIDAD VALENCIANA,CEBADA,CEBADA (2 carreras),8314.0,26665.0,0.221,0.221,0.221,0.221,0,0,0,0,0,0,0,0,0,0,0,0,0,0
2021,COMUNIDAD VALENCIANA,MAÍZ,MAÍZ GRANO,98.0,1372.0,0.263,0.263,0.263,0.263,0,0,0,0,0,0,0,0,0,0,0,0,0,0
2021,COMUNIDAD VALENCIANA,PATATA,PATATA EXTRATEMP Y TEMPRANA,1006.0,39997.0,0.244,0.294,0.343,0.221,0,0,0,0,0,0,0,0,0,0,0,0,0,0
2021,COMUNIDAD VALENCIANA,PATATA,PATATA MED ESTAC Y TARDIA,1006.0,39997.0,0.364,0.364,0.0,0.0,0,0,0,0,0,0,0,0,0,0,0,0,0,0
2021,COMUNIDAD VALENCIANA,CHUFA,CHUFA,608.0,9485.0,0.8,0.0,0.0,0.8,0,0,0,0,0,0,0,0,0,0,0,0,0,0
2021,COMUNIDAD VALENCIANA,ALCACHOFA,ALCACHOFA consumo fresco,1019.0,20372.0,0.969,0.892,0.954,1.062,0,0,0,0,0,0,0,0,0,0,0,0,0,0
2021,COMUNIDAD VALENCIANA,ALCACHOFA,ALCACHOFA industria,1019.0,20372.0,0.357,0.381,0.34,0.23,0,0,0,0,0,0,0,0,0,0,0,0,0,0
2021,COMUNIDAD VALENCIANA,BERENJENA,BERENJENA,121.0,7568.0,0.0,0.0,0.0,0.0,0,0,0,0,0,0,0,0,0,0,0,0,0,0
2021,COMUNIDAD VALENCIANA,BRÓCULI,BRÓCULI,0.0,0.0,0.0,0.0,0.0,0.0,0,0,0,0,0,0,0,0,0,0,0,0,0,0
2021,COMUNIDAD VALENCIANA,CEBOLLA,CEBOLLA,1128.0,83273.0,0.67,0.904,0.366,0.617,0,0,0,0,0,0,0,0,0,0,0,0,0,0
2021,COMUNIDAD VALENCIANA,COL Y REPOLLO,COL Y REPOLLO,913.0,38857.0,0.0,0.0,0.0,0.0,0,0,0,0,0,0,0,0,0,0,0,0,0,0
2021,COMUNIDAD VALENCIANA,COLIFLOR,COLIFLOR,616.0,16196.0,0.59,0.543,0.499,0.707,0,0,0,0,0,0,0,0,0,0,0,0,0,0
2021,COMUNIDAD VALENCIANA,ESCAROLA,ESCAROLA,118.0,4201.0,0.0,0.0,0.0,0.0,0,0,0,0,0,0,0,0,0,0,0,0,0,0
2021,COMUNIDAD VALENCIANA,ESPINACA,ESPINACA,193.0,3438.0,0.0,0.0,0.0,0.0,0,0,0,0,0,0,0,0,0,0,0,0,0,0
2021,COMUNIDAD VALENCIANA,HABA VERDE,HABA VERDE,91.0,539.0,0.0,0.0,0.0,0.0,0,0,0,0,0,0,0,0,0,0,0,0,0,0
2021,COMUNIDAD VALENCIANA,JUDÍA VERDE,JUDÍA VERDE,90.0,658.0,0.0,0.0,0.0,0.0,0,0,0,0,0,0,0,0,0,0,0,0,0,0
2021,COMUNIDAD VALENCIANA,LECHUGA,LECHUGA TOTAL,467.0,21031.0,0.331,0.389,0.28,0.257,0,0,0,0,0,0,0,0,0,0,0,0,0,0
2021,COMUNIDAD VALENCIANA,MELÓN,MELÓN,104.0,4186.0,0.398,0.355,0.549,0.0,0,0,0,0,0,0,0,0,0,0,0,0,0,0
2021,COMUNIDAD VALENCIANA,PEPINO,PEPINO,23.0,1305.0,0.0,0.0,0.0,0.0,0,0,0,0,0,0,0,0,0,0,0,0,0,0
2021,COMUNIDAD VALENCIANA,PIMIENTO,PIMIENTO CONSUMO EN FRESCO,364.0,23660.0,0.69,0.697,0.913,0.643,0,0,0,0,0,0,0,0,0,0,0,0,0,0
2021,COMUNIDAD VALENCIANA,SANDÍA,SANDÍA,817.0,45420.0,0.201,0.179,0.194,0.209,0,0,0,0,0,0,0,0,0,0,0,0,0,0
2021,COMUNIDAD VALENCIANA,TOMATE,TOMATE CONSUMO EN FRESCO,188.0,8626.0,0.942,0.954,0.941,0.854,0,0,0,0,0,0,0,0,0,0,0,0,0,0
2021,COMUNIDAD VALENCIANA,ALFALFA,HENO DE ALFALFA,247.0,3098.0,0.152,0.152,0.152,0.152,0,0,0,0,0,0,0,0,0,0,0,0,0,0
2021,COMUNIDAD VALENCIANA,FLORES (1),FLOR CORTADA CLAVELES (euros/docena),14.0,552.0,1.608,1.608,0.0,0.0,0,0,0,0,0,0,0,0,0,0,0,0,0,0
2021,COMUNIDAD VALENCIANA,FLORES (1),FLOR CORTADA ROSAS (euros/docena),14.0,552.0,6.261,5.445,0.0,9.36,0,0,0,0,0,0,0,0,0,0,0,0,0,0
2021,COMUNIDAD VALENCIANA,P. ORNAMENTAL (1),P. ORNAMENTAL (1),1156.0,48580.0,0.0,0.0,0.0,0.0,0,0,0,0,0,0,0,0,0,0,0,0,0,0
2021,COMUNIDAD VALENCIANA,NARANJO DULCE,NAVELINA,54217.0,1268010.0,0.171,0.175,0.158,0.171,0,0,0,0,0,0,0,0,0,0,0,0,0,0
2021,COMUNIDAD VALENCIANA,NARANJO DULCE,W. NAVEL,54217.0,1268010.0,0.172,0.211,0.185,0.165,0,0,0,0,0,0,0,0,0,0,0,0,0,0
2021,COMUNIDAD VALENCIANA,NARANJO DULCE,NAVEL LANE LATE,54217.0,1268010.0,0.319,0.403,0.281,0.294,0,0,0,0,0,0,0,0,0,0,0,0,0,0
2021,COMUNIDAD VALENCIANA,NARANJO DULCE,SALUSTIANA,54217.0,1268010.0,0.182,0.194,0.206,0.177,0,0,0,0,0,0,0,0,0,0,0,0,0,0
2021,COMUNIDAD VALENCIANA,NARANJO DULCE,VALENCIA LATE,54217.0,1268010.0,0.368,0.37,0.366,0.368,0,0,0,0,0,0,0,0,0,0,0,0,0,0
2021,COMUNIDAD VALENCIANA,MANDARINO,CLAUSELLINA-OKITSU,36391.0,730325.0,0.228,0.244,0.216,0.227,0,0,0,0,0,0,0,0,0,0,0,0,0,0
2021,COMUNIDAD VALENCIANA,MANDARINO,SATSUMA-OWARI,36391.0,730325.0,0.18,0.176,0.18,0.18,0,0,0,0,0,0,0,0,0,0,0,0,0,0
2021,COMUNIDAD VALENCIANA,MANDARINO,CLEMENRUBI,36391.0,730325.0,0.506,0.596,0.539,0.486,0,0,0,0,0,0,0,0,0,0,0,0,0,0
2021,COMUNIDAD VALENCIANA,MANDARINO,MARISOL,36391.0,730325.0,0.303,0.314,0.303,0.301,0,0,0,0,0,0,0,0,0,0,0,0,0,0
2021,COMUNIDAD VALENCIANA,MANDARINO,CLEMENTINA DE NULES,36391.0,730325.0,0.312,0.269,0.324,0.3,0,0,0,0,0,0,0,0,0,0,0,0,0,0
2021,COMUNIDAD VALENCIANA,MANDARINO,CLEMENTINA HERNANDINA,36391.0,730325.0,0.358,0.283,0.365,0.0,0,0,0,0,0,0,0,0,0,0,0,0,0,0
2021,COMUNIDAD VALENCIANA,MANDARINO,CLEMENVILLA O NOVA,36391.0,730325.0,0.298,0.305,0.343,0.287,0,0,0,0,0,0,0,0,0,0,0,0,0,0
2021,COMUNIDAD VALENCIANA,MANDARINO,ORTANIQUE,36391.0,730325.0,0.236,0.225,0.234,0.238,0,0,0,0,0,0,0,0,0,0,0,0,0,0
2021,COMUNIDAD VALENCIANA,MANDARINO,NADORCOTT,36391.0,730325.0,0.665,0.722,0.705,0.618,0,0,0,0,0,0,0,0,0,0,0,0,0,0
2021,COMUNIDAD VALENCIANA,MANDARINO,OTRAS MANDARINAS HÍBRIDAS,36391.0,730325.0,0.695,0.733,0.822,0.612,0,0,0,0,0,0,0,0,0,0,0,0,0,0
2021,COMUNIDAD VALENCIANA,LIMONERO,LIMÓN VERNA,226.0,1465.0,0.352,0.352,0.0,0.0,0,0,0,0,0,0,0,0,0,0,0,0,0,0
2021,COMUNIDAD VALENCIANA,LIMONERO,LIMÓN FINO (Mesero),226.0,1465.0,0.232,0.232,0.0,0.0,0,0,0,0,0,0,0,0,0,0,0,0,0,0
2021,COMUNIDAD VALENCIANA,MANZANA,MANZANA CONSUMO FRESCO,106.0,1508.0,0.904,0.904,0.0,0.0,0,0,0,0,0,0,0,0,0,0,0,0,0,0
2021,COMUNIDAD VALENCIANA,PERA,PERA CONSUMO EN FRESCO,32.0,576.0,0.0,0.0,0.0,0.0,0,0,0,0,0,0,0,0,0,0,0,0,0,0
2021,COMUNIDAD VALENCIANA,NÍSPERO,NISPERO,49.0,228.0,1.062,1.066,0.98,0.0,0,0,0,0,0,0,0,0,0,0,0,0,0,0
2021,COMUNIDAD VALENCIANA,ALBARICOQUE,ALBARICOQUE CONSUMO EN FRESCO,2469.0,16841.0,1.034,0.95,0.0,1.06,0,0,0,0,0,0,0,0,0,0,0,0,0,0
2021,COMUNIDAD VALENCIANA,CEREZA,CEREZA,81.0,129.0,1.685,1.465,2.865,0.0,0,0,0,0,0,0,0,0,0,0,0,0,0,0
2021,COMUNIDAD VALENCIANA,MELOCOTÓN (3),MELOCOTÓN  CONSUMO EN FRESCO,3184.0,30700.0,0.797,0.0,0.0,0.797,0,0,0,0,0,0,0,0,0,0,0,0,0,0
2021,COMUNIDAD VALENCIANA,CIRUELA,CIRUELA,1055.0,10047.0,0.632,0.624,0.0,0.641,0,0,0,0,0,0,0,0,0,0,0,0,0,0
2021,COMUNIDAD VALENCIANA,GRANADA,GRANADA,557.0,5453.0,0.57,0.57,0.0,0.0,0,0,0,0,0,0,0,0,0,0,0,0,0,0
2021,COMUNIDAD VALENCIANA,CAQUI,CAQUI,14895.0,422219.0,0.38,0.0,0.0,0.38,0,0,0,0,0,0,0,0,0,0,0,0,0,0
2021,COMUNIDAD VALENCIANA,AGUACATE,AGUACATE,1155.0,4706.0,0.0,0.0,0.0,0.0,0,0,0,0,0,0,0,0,0,0,0,0,0,0
2021,COMUNIDAD VALENCIANA,ALMENDRA,ALMENDRA CASCARA,34481.0,12899.0,1.151,1.058,1.28,1.172,0,0,0,0,0,0,0,0,0,0,0,0,0,0
2021,COMUNIDAD VALENCIANA,UVA DE MESA,UVA DE MESA,149.0,188.0,0.79,0.79,0.0,0.0,0,0,0,0,0,0,0,0,0,0,0,0,0,0
2021,COMUNIDAD VALENCIANA,UVA DE VINIFICACIÓN,VINO BLANCO DOP+IGP  (R(CE) 479/2008),46443.0,285368.0,46.31,27.65,0.0,48.59,0,0,0,0,0,0,0,0,0,0,0,0,0,0
2021,COMUNIDAD VALENCIANA,UVA DE VINIFICACIÓN,VINO BLANCO VARIETAL+OTROS (R(CE) 479/2008),46443.0,285368.0,45.46,0.0,0.0,45.46,0,0,0,0,0,0,0,0,0,0,0,0,0,0
2021,COMUNIDAD VALENCIANA,UVA DE VINIFICACIÓN,VINO TINTO Y ROSADO DOP+IGP (R(CE) 479/2008),46443.0,285368.0,40.86,41.8,0.0,40.68,0,0,0,0,0,0,0,0,0,0,0,0,0,0
2021,COMUNIDAD VALENCIANA,UVA DE VINIFICACIÓN,VINO TINTO Y ROSADO VARIETAL+OTROS (R(CE) 479/2008),46443.0,285368.0,41.45,37.3,0.0,41.64,0,0,0,0,0,0,0,0,0,0,0,0,0,0
2021,COMUNIDAD VALENCIANA,OLIVO,OLIVO,31913.0,46859.0,0.0,0.0,0.0,0.0,0,0,0,0,0,0,0,0,0,0,0,0,0,0
2021,COMUNIDAD VALENCIANA,ALGARROBA (GARROFA),ALGARROBA (GARROFA),8730.0,8108.0,0.0,0.0,0.0,0.0,0,0,0,0,0,0,0,0,0,0,0,0,0,0
2022,COMUNIDAD VALENCIANA,ARROZ,ARROZ CÁSCARA,15021.0,90848.0,0.413,0.0,0.0,0.413,0,0,0,0,0,0,0,0,0,0,0,0,0,0
2022,COMUNIDAD VALENCIANA,TRIGO,TRIGO,5100.0,9931.0,0.0,0.0,0.0,0.0,0,0,0,0,0,0,0,0,0,0,0,0,0,0
2022,COMUNIDAD VALENCIANA,CEBADA,CEBADA (2 carreras),13085.0,23906.0,0.289,0.294,0.234,0.294,0,0,0,0,0,0,0,0,0,0,0,0,0,0
2022,COMUNIDAD VALENCIANA,MAÍZ,MAÍZ GRANO,352.0,4040.0,0.315,0.317,0.277,0.317,0,0,0,0,0,0,0,0,0,0,0,0,0,0
2022,COMUNIDAD VALENCIANA,PATATA,PATATA EXTRATEMP Y TEMPRANA,2402.0,73388.0,0.326,0.397,0.445,0.295,0,0,0,0,0,0,0,0,0,0,0,0,0,0
2022,COMUNIDAD VALENCIANA,PATATA,PATATA MED ESTAC Y TARDIA,2402.0,73388.0,0.483,0.483,0.0,0.0,0,0,0,0,0,0,0,0,0,0,0,0,0,0
2022,COMUNIDAD VALENCIANA,CHUFA,CHUFA,610.0,9091.0,0.8,0.0,0.0,0.8,0,0,0,0,0,0,0,0,0,0,0,0,0,0
2022,COMUNIDAD VALENCIANA,ALCACHOFA,ALCACHOFA consumo fresco,4853.0,75032.0,0.845,0.761,0.915,0.864,0,0,0,0,0,0,0,0,0,0,0,0,0,0
2022,COMUNIDAD VALENCIANA,ALCACHOFA,ALCACHOFA industria,4853.0,75032.0,0.369,0.381,0.378,0.284,0,0,0,0,0,0,0,0,0,0,0,0,0,0
2022,COMUNIDAD VALENCIANA,BERENJENA,BERENJENA,261.0,12742.0,0.0,0.0,0.0,0.0,0,0,0,0,0,0,0,0,0,0,0,0,0,0
2022,COMUNIDAD VALENCIANA,BRÓCULI,BRÓCULI,3198.0,68806.0,0.0,0.0,0.0,0.0,0,0,0,0,0,0,0,0,0,0,0,0,0,0
2022,COMUNIDAD VALENCIANA,CEBOLLA,CEBOLLA,1784.0,82580.0,0.874,1.275,0.409,0.779,0,0,0,0,0,0,0,0,0,0,0,0,0,0
2022,COMUNIDAD VALENCIANA,COL Y REPOLLO,COL Y REPOLLO,1821.0,74931.0,0.0,0.0,0.0,0.0,0,0,0,0,0,0,0,0,0,0,0,0,0,0
2022,COMUNIDAD VALENCIANA,COLIFLOR,COLIFLOR,1464.0,37982.0,0.51,0.359,0.487,0.676,0,0,0,0,0,0,0,0,0,0,0,0,0,0
2022,COMUNIDAD VALENCIANA,ESCAROLA,ESCAROLA,540.0,16333.0,0.0,0.0,0.0,0.0,0,0,0,0,0,0,0,0,0,0,0,0,0,0
2022,COMUNIDAD VALENCIANA,ESPINACA,ESPINACA,373.0,7474.0,0.0,0.0,0.0,0.0,0,0,0,0,0,0,0,0,0,0,0,0,0,0
2022,COMUNIDAD VALENCIANA,HABA VERDE,HABA VERDE,520.0,5449.0,0.0,0.0,0.0,0.0,0,0,0,0,0,0,0,0,0,0,0,0,0,0
2022,COMUNIDAD VALENCIANA,JUDÍA VERDE,JUDÍA VERDE,259.0,4341.0,0.0,0.0,0.0,0.0,0,0,0,0,0,0,0,0,0,0,0,0,0,0
2022,COMUNIDAD VALENCIANA,LECHUGA,LECHUGA TOTAL,1714.0,57485.0,0.353,0.429,0.289,0.257,0,0,0,0,0,0,0,0,0,0,0,0,0,0
2022,COMUNIDAD VALENCIANA,MELÓN,MELÓN,1201.0,35108.0,0.524,0.456,0.768,0.0,0,0,0,0,0,0,0,0,0,0,0,0,0,0
2022,COMUNIDAD VALENCIANA,PEPINO,PEPINO,138.0,5915.0,0.0,0.0,0.0,0.0,0,0,0,0,0,0,0,0,0,0,0,0,0,0
2022,COMUNIDAD VALENCIANA,PIMIENTO,PIMIENTO CONSUMO EN FRESCO,918.0,55868.0,0.869,0.864,1.089,0.84,0,0,0,0,0,0,0,0,0,0,0,0,0,0
2022,COMUNIDAD VALENCIANA,SANDÍA,SANDÍA,1501.0,70246.0,0.467,0.352,0.418,0.51,0,0,0,0,0,0,0,0,0,0,0,0,0,0
2022,COMUNIDAD VALENCIANA,TOMATE,TOMATE CONSUMO EN FRESCO,1067.0,63029.0,1.276,1.226,1.421,1.316,0,0,0,0,0,0,0,0,0,0,0,0,0,0
2022,COMUNIDAD VALENCIANA,ALFALFA,HENO DE ALFALFA,1405.0,61755.0,0.243,0.243,0.243,0.243,0,0,0,0,0,0,0,0,0,0,0,0,0,0
2022,COMUNIDAD VALENCIANA,FLORES (1),FLOR CORTADA CLAVELES (euros/docena),78.0,2901.0,1.936,1.936,0.0,0.0,0,0,0,0,0,0,0,0,0,0,0,0,0,0
2022,COMUNIDAD VALENCIANA,FLORES (1),FLOR CORTADA ROSAS (euros/docena),78.0,2901.0,6.283,5.124,0.0,10.686,0,0,0,0,0,0,0,0,0,0,0,0,0,0
2022,COMUNIDAD VALENCIANA,P. ORNAMENTAL (1),P. ORNAMENTAL (1),2185.0,115659.0,0.0,0.0,0.0,0.0,0,0,0,0,0,0,0,0,0,0,0,0,0,0
2022,COMUNIDAD VALENCIANA,NARANJO DULCE,NAVELINA,71648.0,1416555.0,0.189,0.17,0.192,0.192,0,0,0,0,0,0,0,0,0,0,0,0,0,0
2022,COMUNIDAD VALENCIANA,NARANJO DULCE,W. NAVEL,71648.0,1416555.0,0.158,0.128,0.171,0.162,0,0,0,0,0,0,0,0,0,0,0,0,0,0
2022,COMUNIDAD VALENCIANA,NARANJO DULCE,NAVEL LANE LATE,71648.0,1416555.0,0.152,0.151,0.195,0.144,0,0,0,0,0,0,0,0,0,0,0,0,0,0
2022,COMUNIDAD VALENCIANA,NARANJO DULCE,SALUSTIANA,71648.0,1416555.0,0.187,0.195,0.196,0.185,0,0,0,0,0,0,0,0,0,0,0,0,0,0
2022,COMUNIDAD VALENCIANA,NARANJO DULCE,VALENCIA LATE,71648.0,1416555.0,0.151,0.136,0.162,0.153,0,0,0,0,0,0,0,0,0,0,0,0,0,0
2022,COMUNIDAD VALENCIANA,MANDARINO,CLAUSELLINA-OKITSU,64852.0,1226795.0,0.232,0.246,0.256,0.23,0,0,0,0,0,0,0,0,0,0,0,0,0,0
2022,COMUNIDAD VALENCIANA,MANDARINO,SATSUMA-OWARI,64852.0,1226795.0,0.206,0.215,0.216,0.205,0,0,0,0,0,0,0,0,0,0,0,0,0,0
2022,COMUNIDAD VALENCIANA,MANDARINO,CLEMENRUBI,64852.0,1226795.0,0.505,0.613,0.468,0.504,0,0,0,0,0,0,0,0,0,0,0,0,0,0
2022,COMUNIDAD VALENCIANA,MANDARINO,MARISOL,64852.0,1226795.0,0.29,0.328,0.296,0.277,0,0,0,0,0,0,0,0,0,0,0,0,0,0
2022,COMUNIDAD VALENCIANA,MANDARINO,CLEMENTINA DE NULES,64852.0,1226795.0,0.356,0.319,0.384,0.323,0,0,0,0,0,0,0,0,0,0,0,0,0,0
2022,COMUNIDAD VALENCIANA,MANDARINO,CLEMENTINA HERNANDINA,64852.0,1226795.0,0.362,0.328,0.365,0.0,0,0,0,0,0,0,0,0,0,0,0,0,0,0
2022,COMUNIDAD VALENCIANA,MANDARINO,CLEMENVILLA O NOVA,64852.0,1226795.0,0.369,0.381,0.425,0.355,0,0,0,0,0,0,0,0,0,0,0,0,0,0
2022,COMUNIDAD VALENCIANA,MANDARINO,ORTANIQUE,64852.0,1226795.0,0.179,0.198,0.176,0.177,0,0,0,0,0,0,0,0,0,0,0,0,0,0
2022,COMUNIDAD VALENCIANA,MANDARINO,NADORCOTT,64852.0,1226795.0,0.576,0.531,0.536,0.614,0,0,0,0,0,0,0,0,0,0,0,0,0,0
2022,COMUNIDAD VALENCIANA,MANDARINO,OTRAS MANDARINAS HÍBRIDAS,64852.0,1226795.0,0.614,0.5,0.617,0.69,0,0,0,0,0,0,0,0,0,0,0,0,0,0
2022,COMUNIDAD VALENCIANA,LIMONERO,LIMÓN VERNA,17367.0,242830.0,0.446,0.446,0.0,0.0,0,0,0,0,0,0,0,0,0,0,0,0,0,0
2022,COMUNIDAD VALENCIANA,LIMONERO,LIMÓN FINO (Mesero),17367.0,242830.0,0.302,0.302,0.0,0.0,0,0,0,0,0,0,0,0,0,0,0,0,0,0
2022,COMUNIDAD VALENCIANA,MANZANA,MANZANA CONSUMO FRESCO,530.0,4323.0,1.15,1.15,0.0,0.0,0,0,0,0,0,0,0,0,0,0,0,0,0,0
2022,COMUNIDAD VALENCIANA,PERA,PERA CONSUMO EN FRESCO,260.0,2630.0,0.738,0.738,0.0,0.0,0,0,0,0,0,0,0,0,0,0,0,0,0,0
2022,COMUNIDAD VALENCIANA,NÍSPERO,NISPERO,1079.0,14030.0,1.298,1.292,1.4,0.0,0,0,0,0,0,0,0,0,0,0,0,0,0,0
2022,COMUNIDAD VALENCIANA,ALBARICOQUE,ALBARICOQUE CONSUMO EN FRESCO,2981.0,14972.0,0.935,0.845,0.0,0.964,0,0,0,0,0,0,0,0,0,0,0,0,0,0
2022,COMUNIDAD VALENCIANA,CEREZA,CEREZA,2605.0,3313.0,2.631,2.674,2.4,0.0,0,0,0,0,0,0,0,0,0,0,0,0,0,0
2022,COMUNIDAD VALENCIANA,MELOCOTÓN (3),MELOCOTÓN  CONSUMO EN FRESCO,3684.0,30207.0,0.833,0.0,0.0,0.833,0,0,0,0,0,0,0,0,0,0,0,0,0,0
2022,COMUNIDAD VALENCIANA,CIRUELA,CIRUELA,1381.0,11675.0,0.523,0.454,0.0,0.598,0,0,0,0,0,0,0,0,0,0,0,0,0,0
2022,COMUNIDAD VALENCIANA,GRANADA,GRANADA,3678.0,56724.0,0.641,0.641,0.0,0.0,0,0,0,0,0,0,0,0,0,0,0,0,0,0
2022,COMUNIDAD VALENCIANA,CAQUI,CAQUI,14639.0,407085.0,0.526,0.0,0.0,0.526,0,0,0,0,0,0,0,0,0,0,0,0,0,0
2022,COMUNIDAD VALENCIANA,AGUACATE,AGUACATE,2310.0,12848.0,0.0,0.0,0.0,0.0,0,0,0,0,0,0,0,0,0,0,0,0,0,0
2022,COMUNIDAD VALENCIANA,ALMENDRA,ALMENDRA CASCARA,91400.0,33786.0,1.193,1.103,1.263,1.255,0,0,0,0,0,0,0,0,0,0,0,0,0,0
2022,COMUNIDAD VALENCIANA,UVA DE MESA,UVA DE MESA,5317.0,97231.0,0.614,0.614,0.0,0.0,0,0,0,0,0,0,0,0,0,0,0,0,0,0
2022,COMUNIDAD VALENCIANA,UVA DE VINIFICACIÓN,VINO BLANCO DOP+IGP  (R(CE) 479/2008),56773.0,310324.0,52.51,36.3,0.0,54.48,0,0,0,0,0,0,0,0,0,0,0,0,0,0
2022,COMUNIDAD VALENCIANA,UVA DE VINIFICACIÓN,VINO BLANCO VARIETAL+OTROS (R(CE) 479/2008),56773.0,310324.0,51.62,0.0,0.0,51.62,0,0,0,0,0,0,0,0,0,0,0,0,0,0
2022,COMUNIDAD VALENCIANA,UVA DE VINIFICACIÓN,VINO TINTO Y ROSADO DOP+IGP (R(CE) 479/2008),56773.0,310324.0,41.17,45.15,0.0,40.4,0,0,0,0,0,0,0,0,0,0,0,0,0,0
2022,COMUNIDAD VALENCIANA,UVA DE VINIFICACIÓN,VINO TINTO Y ROSADO VARIETAL+OTROS (R(CE) 479/2008),56773.0,310324.0,42.35,39.8,0.0,42.47,0,0,0,0,0,0,0,0,0,0,0,0,0,0
2022,COMUNIDAD VALENCIANA,OLIVO,OLIVO,93151.0,44699.0,0.0,0.0,0.0,0.0,0,0,0,0,0,0,0,0,0,0,0,0,0,0
2022,COMUNIDAD VALENCIANA,ALGARROBA (GARROFA),ALGARROBA (GARROFA),17244.0,13869.0,0.0,0.0,0.0,0.0,0,0,0,0,0,0,0,0,0,0,0,0,0,0
2022,COMUNIDAD VALENCIANA,ARROZ (CÁSCARA),ARROZ (CÁSCARA),414.0,794.0,0.0,0.0,0.0,0.0,0,0,0,0,0,0,0,0,0,0,0,0,0,0
2022,COMUNIDAD VALENCIANA,TRIGO,TRIGO,1482.0,3482.0,0.0,0.0,0.0,0.0,0,0,0,0,0,0,0,0,0,0,0,0,0,0
2022,COMUNIDAD VALENCIANA,CEBADA,CEBADA (2 carreras),2574.0,4616.0,0.289,0.294,0.234,0.294,0,0,0,0,0,0,0,0,0,0,0,0,0,0
2022,COMUNIDAD VALENCIANA,MAÍZ,MAÍZ GRANO,200.0,2399.0,0.315,0.317,0.277,0.317,0,0,0,0,0,0,0,0,0,0,0,0,0,0
2022,COMUNIDAD VALENCIANA,PATATA TOTAL,PATATA TOTAL,946.0,20034.0,0.0,0.0,0.0,0.0,0,0,0,0,0,0,0,0,0,0,0,0,0,0
2022,COMUNIDAD VALENCIANA,CHUFA,CHUFA,0.0,0.0,0.8,0.0,0.0,0.8,0,0,0,0,0,0,0,0,0,0,0,0,0,0
2022,COMUNIDAD VALENCIANA,ALCACHOFA,ALCACHOFA consumo fresco,2651.0,38485.0,0.845,0.761,0.915,0.864,0,0,0,0,0,0,0,0,0,0,0,0,0,0
2022,COMUNIDAD VALENCIANA,ALCACHOFA,ALCACHOFA industria,2651.0,38485.0,0.369,0.381,0.378,0.284,0,0,0,0,0,0,0,0,0,0,0,0,0,0
2022,COMUNIDAD VALENCIANA,BERENJENA,BERENJENA,50.0,2620.0,0.0,0.0,0.0,0.0,0,0,0,0,0,0,0,0,0,0,0,0,0,0
2022,COMUNIDAD VALENCIANA,BRÓCULI,BRÓCULI,2945.0,63097.0,0.0,0.0,0.0,0.0,0,0,0,0,0,0,0,0,0,0,0,0,0,0
2022,COMUNIDAD VALENCIANA,CEBOLLA,CEBOLLA,457.0,19404.0,0.874,1.275,0.409,0.779,0,0,0,0,0,0,0,0,0,0,0,0,0,0
2022,COMUNIDAD VALENCIANA,COL Y REPOLLO,COL Y REPOLLO,366.0,16018.0,0.0,0.0,0.0,0.0,0,0,0,0,0,0,0,0,0,0,0,0,0,0
2022,COMUNIDAD VALENCIANA,COLIFLOR,COLIFLOR,547.0,13675.0,0.51,0.359,0.487,0.676,0,0,0,0,0,0,0,0,0,0,0,0,0,0
2022,COMUNIDAD VALENCIANA,ESCAROLA,ESCAROLA,165.0,5445.0,0.0,0.0,0.0,0.0,0,0,0,0,0,0,0,0,0,0,0,0,0,0
2022,COMUNIDAD VALENCIANA,ESPINACA,ESPINACA,170.0,3740.0,0.0,0.0,0.0,0.0,0,0,0,0,0,0,0,0,0,0,0,0,0,0
2022,COMUNIDAD VALENCIANA,HABA VERDE,HABA VERDE,367.0,4404.0,0.0,0.0,0.0,0.0,0,0,0,0,0,0,0,0,0,0,0,0,0,0
2022,COMUNIDAD VALENCIANA,JUDÍA VERDE,JUDÍA VERDE,42.0,630.0,0.0,0.0,0.0,0.0,0,0,0,0,0,0,0,0,0,0,0,0,0,0
2022,COMUNIDAD VALENCIANA,LECHUGA,LECHUGA TOTAL,861.0,27164.0,0.353,0.429,0.289,0.257,0,0,0,0,0,0,0,0,0,0,0,0,0,0
2022,COMUNIDAD VALENCIANA,MELÓN,MELÓN,848.0,25487.0,0.524,0.456,0.768,0.0,0,0,0,0,0,0,0,0,0,0,0,0,0,0
2022,COMUNIDAD VALENCIANA,PEPINO,PEPINO,46.0,2380.0,0.0,0.0,0.0,0.0,0,0,0,0,0,0,0,0,0,0,0,0,0,0
2022,COMUNIDAD VALENCIANA,PIMIENTO,PIMIENTO CONSUMO EN FRESCO,421.0,28450.0,0.869,0.864,1.089,0.84,0,0,0,0,0,0,0,0,0,0,0,0,0,0
2022,COMUNIDAD VALENCIANA,SANDÍA,SANDÍA,308.0,14445.0,0.467,0.352,0.418,0.51,0,0,0,0,0,0,0,0,0,0,0,0,0,0
2022,COMUNIDAD VALENCIANA,TOMATE,TOMATE CONSUMO EN FRESCO,386.0,37294.0,1.276,1.226,1.421,1.316,0,0,0,0,0,0,0,0,0,0,0,0,0,0
2022,COMUNIDAD VALENCIANA,ALFALFA,HENO DE ALFALFA,837.0,50122.0,0.243,0.243,0.243,0.243,0,0,0,0,0,0,0,0,0,0,0,0,0,0
2022,COMUNIDAD VALENCIANA,FLORES (1),FLOR CORTADA CLAVELES (euros/docena),59.0,2224.0,1.936,1.936,0.0,0.0,0,0,0,0,0,0,0,0,0,0,0,0,0,0
2022,COMUNIDAD VALENCIANA,FLORES (1),FLOR CORTADA ROSAS (euros/docena),59.0,2224.0,6.283,5.124,0.0,10.686,0,0,0,0,0,0,0,0,0,0,0,0,0,0
2022,COMUNIDAD VALENCIANA,P. ORNAMENTAL (1),P. ORNAMENTAL (1),418.0,23163.0,0.0,0.0,0.0,0.0,0,0,0,0,0,0,0,0,0,0,0,0,0,0
2022,COMUNIDAD VALENCIANA,NARANJO DULCE,NAVELINA,9951.0,185704.0,0.189,0.17,0.192,0.192,0,0,0,0,0,0,0,0,0,0,0,0,0,0
2022,COMUNIDAD VALENCIANA,NARANJO DULCE,W. NAVEL,9951.0,185704.0,0.158,0.128,0.171,0.162,0,0,0,0,0,0,0,0,0,0,0,0,0,0
2022,COMUNIDAD VALENCIANA,NARANJO DULCE,NAVEL LANE LATE,9951.0,185704.0,0.152,0.151,0.195,0.144,0,0,0,0,0,0,0,0,0,0,0,0,0,0
2022,COMUNIDAD VALENCIANA,NARANJO DULCE,SALUSTIANA,9951.0,185704.0,0.187,0.195,0.196,0.185,0,0,0,0,0,0,0,0,0,0,0,0,0,0
2022,COMUNIDAD VALENCIANA,NARANJO DULCE,VALENCIA LATE,9951.0,185704.0,0.151,0.136,0.162,0.153,0,0,0,0,0,0,0,0,0,0,0,0,0,0
2022,COMUNIDAD VALENCIANA,MANDARINO,CLAUSELLINA-OKITSU,6799.0,128454.0,0.232,0.246,0.256,0.23,0,0,0,0,0,0,0,0,0,0,0,0,0,0
2022,COMUNIDAD VALENCIANA,MANDARINO,SATSUMA-OWARI,6799.0,128454.0,0.206,0.215,0.216,0.205,0,0,0,0,0,0,0,0,0,0,0,0,0,0
2022,COMUNIDAD VALENCIANA,MANDARINO,CLEMENRUBI,6799.0,128454.0,0.505,0.613,0.468,0.504,0,0,0,0,0,0,0,0,0,0,0,0,0,0
2022,COMUNIDAD VALENCIANA,MANDARINO,MARISOL,6799.0,128454.0,0.29,0.328,0.296,0.277,0,0,0,0,0,0,0,0,0,0,0,0,0,0
2022,COMUNIDAD VALENCIANA,MANDARINO,CLEMENTINA DE NULES,6799.0,128454.0,0.356,0.319,0.384,0.323,0,0,0,0,0,0,0,0,0,0,0,0,0,0
2022,COMUNIDAD VALENCIANA,MANDARINO,CLEMENTINA HERNANDINA,6799.0,128454.0,0.362,0.328,0.365,0.0,0,0,0,0,0,0,0,0,0,0,0,0,0,0
2022,COMUNIDAD VALENCIANA,MANDARINO,CLEMENVILLA O NOVA,6799.0,128454.0,0.369,0.381,0.425,0.355,0,0,0,0,0,0,0,0,0,0,0,0,0,0
2022,COMUNIDAD VALENCIANA,MANDARINO,ORTANIQUE,6799.0,128454.0,0.179,0.198,0.176,0.177,0,0,0,0,0,0,0,0,0,0,0,0,0,0
2022,COMUNIDAD VALENCIANA,MANDARINO,NADORCOTT,6799.0,128454.0,0.576,0.531,0.536,0.614,0,0,0,0,0,0,0,0,0,0,0,0,0,0
2022,COMUNIDAD VALENCIANA,MANDARINO,OTRAS MANDARINAS HÍBRIDAS,6799.0,128454.0,0.614,0.5,0.617,0.69,0,0,0,0,0,0,0,0,0,0,0,0,0,0
2022,COMUNIDAD VALENCIANA,LIMONERO,LIMÓN VERNA,16990.0,240572.0,0.446,0.446,0.0,0.0,0,0,0,0,0,0,0,0,0,0,0,0,0,0
2022,COMUNIDAD VALENCIANA,LIMONERO,LIMÓN FINO (Mesero),16990.0,240572.0,0.302,0.302,0.0,0.0,0,0,0,0,0,0,0,0,0,0,0,0,0,0
2022,COMUNIDAD VALENCIANA,MANZANA,MANZANA CONSUMO FRESCO,381.0,3152.0,1.15,1.15,0.0,0.0,0,0,0,0,0,0,0,0,0,0,0,0,0,0
2022,COMUNIDAD VALENCIANA,PERA,PERA CONSUMO EN FRESCO,127.0,1362.0,0.738,0.738,0.0,0.0,0,0,0,0,0,0,0,0,0,0,0,0,0,0
2022,COMUNIDAD VALENCIANA,NÍSPERO,NISPERO,908.0,12804.0,1.298,1.292,1.4,0.0,0,0,0,0,0,0,0,0,0,0,0,0,0,0
2022,COMUNIDAD VALENCIANA,ALBARICOQUE,ALBARICOQUE CONSUMO EN FRESCO,615.0,1385.0,0.935,0.845,0.0,0.964,0,0,0,0,0,0,0,0,0,0,0,0,0,0
2022,COMUNIDAD VALENCIANA,CEREZA,CEREZA,1948.0,1838.0,2.631,2.674,2.4,0.0,0,0,0,0,0,0,0,0,0,0,0,0,0,0
2022,COMUNIDAD VALENCIANA,MELOCOTÓN (3),MELOCOTÓN  CONSUMO EN FRESCO,434.0,2328.0,0.833,0.0,0.0,0.833,0,0,0,0,0,0,0,0,0,0,0,0,0,0
2022,COMUNIDAD VALENCIANA,CIRUELA,CIRUELA,331.0,1713.0,0.523,0.454,0.0,0.598,0,0,0,0,0,0,0,0,0,0,0,0,0,0
2022,COMUNIDAD VALENCIANA,GRANADA,GRANADA,3031.0,50091.0,0.641,0.641,0.0,0.0,0,0,0,0,0,0,0,0,0,0,0,0,0,0
2022,COMUNIDAD VALENCIANA,CAQUI,CAQUI,87.0,175.0,0.526,0.0,0.0,0.526,0,0,0,0,0,0,0,0,0,0,0,0,0,0
2022,COMUNIDAD VALENCIANA,AGUACATE,AGUACATE,497.0,1502.0,0.0,0.0,0.0,0.0,0,0,0,0,0,0,0,0,0,0,0,0,0,0
2022,COMUNIDAD VALENCIANA,ALMENDRA,ALMENDRA CASCARA,22174.0,7927.0,1.193,1.103,1.263,1.255,0,0,0,0,0,0,0,0,0,0,0,0,0,0
2022,COMUNIDAD VALENCIANA,UVA DE MESA,UVA DE MESA,5091.0,96980.0,0.614,0.614,0.0,0.0,0,0,0,0,0,0,0,0,0,0,0,0,0,0
2022,COMUNIDAD VALENCIANA,UVA DE VINIFICACIÓN,VINO BLANCO DOP+IGP  (R(CE) 479/2008),10295.0,28934.0,52.51,36.3,0.0,54.48,0,0,0,0,0,0,0,0,0,0,0,0,0,0
2022,COMUNIDAD VALENCIANA,UVA DE VINIFICACIÓN,VINO BLANCO VARIETAL+OTROS (R(CE) 479/2008),10295.0,28934.0,51.62,0.0,0.0,51.62,0,0,0,0,0,0,0,0,0,0,0,0,0,0
2022,COMUNIDAD VALENCIANA,UVA DE VINIFICACIÓN,VINO TINTO Y ROSADO DOP+IGP (R(CE) 479/2008),10295.0,28934.0,41.17,45.15,0.0,40.4,0,0,0,0,0,0,0,0,0,0,0,0,0,0
2022,COMUNIDAD VALENCIANA,UVA DE VINIFICACIÓN,VINO TINTO Y ROSADO VARIETAL+OTROS (R(CE) 479/2008),10295.0,28934.0,42.35,39.8,0.0,42.47,0,0,0,0,0,0,0,0,0,0,0,0,0,0
2022,COMUNIDAD VALENCIANA,OLIVO,OLIVO,29250.0,28237.0,0.0,0.0,0.0,0.0,0,0,0,0,0,0,0,0,0,0,0,0,0,0
2022,COMUNIDAD VALENCIANA,ALGARROBA (GARROFA),ALGARROBA (GARROFA),765.0,943.0,0.0,0.0,0.0,0.0,0,0,0,0,0,0,0,0,0,0,0,0,0,0
2022,COMUNIDAD VALENCIANA,ARROZ,ARROZ CÁSCARA,148.0,1020.0,0.413,0.0,0.0,0.413,0,0,0,0,0,0,0,0,0,0,0,0,0,0
2022,COMUNIDAD VALENCIANA,TRIGO,TRIGO,720.0,1117.0,0.0,0.0,0.0,0.0,0,0,0,0,0,0,0,0,0,0,0,0,0,0
2022,COMUNIDAD VALENCIANA,CEBADA,CEBADA (2 carreras),2877.0,3890.0,0.289,0.294,0.234,0.294,0,0,0,0,0,0,0,0,0,0,0,0,0,0
2022,COMUNIDAD VALENCIANA,MAÍZ,MAÍZ GRANO,64.0,233.0,0.315,0.317,0.277,0.317,0,0,0,0,0,0,0,0,0,0,0,0,0,0
2022,COMUNIDAD VALENCIANA,PATATA,PATATA EXTRATEMP Y TEMPRANA,437.0,10941.0,0.326,0.397,0.445,0.295,0,0,0,0,0,0,0,0,0,0,0,0,0,0
2022,COMUNIDAD VALENCIANA,PATATA,PATATA MED ESTAC Y TARDIA,437.0,10941.0,0.483,0.483,0.0,0.0,0,0,0,0,0,0,0,0,0,0,0,0,0,0
2022,COMUNIDAD VALENCIANA,CHUFA,CHUFA,0.0,0.0,0.8,0.0,0.0,0.8,0,0,0,0,0,0,0,0,0,0,0,0,0,0
2022,COMUNIDAD VALENCIANA,ALCACHOFA,ALCACHOFA consumo fresco,1175.0,17214.0,0.845,0.761,0.915,0.864,0,0,0,0,0,0,0,0,0,0,0,0,0,0
2022,COMUNIDAD VALENCIANA,ALCACHOFA,ALCACHOFA industria,1175.0,17214.0,0.369,0.381,0.378,0.284,0,0,0,0,0,0,0,0,0,0,0,0,0,0
2022,COMUNIDAD VALENCIANA,BERENJENA,BERENJENA,92.0,2625.0,0.0,0.0,0.0,0.0,0,0,0,0,0,0,0,0,0,0,0,0,0,0
2022,COMUNIDAD VALENCIANA,BRÓCULI,BRÓCULI,209.0,4389.0,0.0,0.0,0.0,0.0,0,0,0,0,0,0,0,0,0,0,0,0,0,0
2022,COMUNIDAD VALENCIANA,CEBOLLA,CEBOLLA,206.0,4683.0,0.874,1.275,0.409,0.779,0,0,0,0,0,0,0,0,0,0,0,0,0,0
2022,COMUNIDAD VALENCIANA,COL Y REPOLLO,COL Y REPOLLO,542.0,17885.0,0.0,0.0,0.0,0.0,0,0,0,0,0,0,0,0,0,0,0,0,0,0
2022,COMUNIDAD VALENCIANA,COLIFLOR,COLIFLOR,301.0,7465.0,0.51,0.359,0.487,0.676,0,0,0,0,0,0,0,0,0,0,0,0,0,0
2022,COMUNIDAD VALENCIANA,ESCAROLA,ESCAROLA,257.0,6425.0,0.0,0.0,0.0,0.0,0,0,0,0,0,0,0,0,0,0,0,0,0,0
2022,COMUNIDAD VALENCIANA,ESPINACA,ESPINACA,10.0,225.0,0.0,0.0,0.0,0.0,0,0,0,0,0,0,0,0,0,0,0,0,0,0
2022,COMUNIDAD VALENCIANA,HABA VERDE,HABA VERDE,62.0,558.0,0.0,0.0,0.0,0.0,0,0,0,0,0,0,0,0,0,0,0,0,0,0
2022,COMUNIDAD VALENCIANA,JUDÍA VERDE,JUDÍA VERDE,127.0,2406.0,0.0,0.0,0.0,0.0,0,0,0,0,0,0,0,0,0,0,0,0,0,0
2022,COMUNIDAD VALENCIANA,LECHUGA,LECHUGA TOTAL,386.0,9335.0,0.353,0.429,0.289,0.257,0,0,0,0,0,0,0,0,0,0,0,0,0,0
2022,COMUNIDAD VALENCIANA,MELÓN,MELÓN,251.0,5949.0,0.524,0.456,0.768,0.0,0,0,0,0,0,0,0,0,0,0,0,0,0,0
2022,COMUNIDAD VALENCIANA,PEPINO,PEPINO,69.0,2190.0,0.0,0.0,0.0,0.0,0,0,0,0,0,0,0,0,0,0,0,0,0,0
2022,COMUNIDAD VALENCIANA,PIMIENTO,PIMIENTO CONSUMO EN FRESCO,125.0,3238.0,0.869,0.864,1.089,0.84,0,0,0,0,0,0,0,0,0,0,0,0,0,0
2022,COMUNIDAD VALENCIANA,SANDÍA,SANDÍA,358.0,9876.0,0.467,0.352,0.418,0.51,0,0,0,0,0,0,0,0,0,0,0,0,0,0
2022,COMUNIDAD VALENCIANA,TOMATE,TOMATE CONSUMO EN FRESCO,493.0,17115.0,1.276,1.226,1.421,1.316,0,0,0,0,0,0,0,0,0,0,0,0,0,0
2022,COMUNIDAD VALENCIANA,ALFALFA,HENO DE ALFALFA,321.0,5835.0,0.243,0.243,0.243,0.243,0,0,0,0,0,0,0,0,0,0,0,0,0,0
2022,COMUNIDAD VALENCIANA,FLORES (1),FLOR CORTADA CLAVELES (euros/docena),5.0,125.0,1.936,1.936,0.0,0.0,0,0,0,0,0,0,0,0,0,0,0,0,0,0
2022,COMUNIDAD VALENCIANA,FLORES (1),FLOR CORTADA ROSAS (euros/docena),5.0,125.0,6.283,5.124,0.0,10.686,0,0,0,0,0,0,0,0,0,0,0,0,0,0
2022,COMUNIDAD VALENCIANA,P. ORNAMENTAL (1),P. ORNAMENTAL (1),438.0,41462.0,0.0,0.0,0.0,0.0,0,0,0,0,0,0,0,0,0,0,0,0,0,0
2022,COMUNIDAD VALENCIANA,NARANJO DULCE,NAVELINA,6979.0,124083.0,0.189,0.17,0.192,0.192,0,0,0,0,0,0,0,0,0,0,0,0,0,0
2022,COMUNIDAD VALENCIANA,NARANJO DULCE,W. NAVEL,6979.0,124083.0,0.158,0.128,0.171,0.162,0,0,0,0,0,0,0,0,0,0,0,0,0,0
2022,COMUNIDAD VALENCIANA,NARANJO DULCE,NAVEL LANE LATE,6979.0,124083.0,0.152,0.151,0.195,0.144,0,0,0,0,0,0,0,0,0,0,0,0,0,0
2022,COMUNIDAD VALENCIANA,NARANJO DULCE,SALUSTIANA,6979.0,124083.0,0.187,0.195,0.196,0.185,0,0,0,0,0,0,0,0,0,0,0,0,0,0
2022,COMUNIDAD VALENCIANA,NARANJO DULCE,VALENCIA LATE,6979.0,124083.0,0.151,0.136,0.162,0.153,0,0,0,0,0,0,0,0,0,0,0,0,0,0
2022,COMUNIDAD VALENCIANA,MANDARINO,CLAUSELLINA-OKITSU,24656.0,502235.0,0.232,0.246,0.256,0.23,0,0,0,0,0,0,0,0,0,0,0,0,0,0
2022,COMUNIDAD VALENCIANA,MANDARINO,SATSUMA-OWARI,24656.0,502235.0,0.206,0.215,0.216,0.205,0,0,0,0,0,0,0,0,0,0,0,0,0,0
2022,COMUNIDAD VALENCIANA,MANDARINO,CLEMENRUBI,24656.0,502235.0,0.505,0.613,0.468,0.504,0,0,0,0,0,0,0,0,0,0,0,0,0,0
2022,COMUNIDAD VALENCIANA,MANDARINO,MARISOL,24656.0,502235.0,0.29,0.328,0.296,0.277,0,0,0,0,0,0,0,0,0,0,0,0,0,0
2022,COMUNIDAD VALENCIANA,MANDARINO,CLEMENTINA DE NULES,24656.0,502235.0,0.356,0.319,0.384,0.323,0,0,0,0,0,0,0,0,0,0,0,0,0,0
2022,COMUNIDAD VALENCIANA,MANDARINO,CLEMENTINA HERNANDINA,24656.0,502235.0,0.362,0.328,0.365,0.0,0,0,0,0,0,0,0,0,0,0,0,0,0,0
2022,COMUNIDAD VALENCIANA,MANDARINO,CLEMENVILLA O NOVA,24656.0,502235.0,0.369,0.381,0.425,0.355,0,0,0,0,0,0,0,0,0,0,0,0,0,0
2022,COMUNIDAD VALENCIANA,MANDARINO,ORTANIQUE,24656.0,502235.0,0.179,0.198,0.176,0.177,0,0,0,0,0,0,0,0,0,0,0,0,0,0
2022,COMUNIDAD VALENCIANA,MANDARINO,NADORCOTT,24656.0,502235.0,0.576,0.531,0.536,0.614,0,0,0,0,0,0,0,0,0,0,0,0,0,0
2022,COMUNIDAD VALENCIANA,MANDARINO,OTRAS MANDARINAS HÍBRIDAS,24656.0,502235.0,0.614,0.5,0.617,0.69,0,0,0,0,0,0,0,0,0,0,0,0,0,0
2022,COMUNIDAD VALENCIANA,LIMONERO,LIMÓN VERNA,87.0,595.0,0.446,0.446,0.0,0.0,0,0,0,0,0,0,0,0,0,0,0,0,0,0
2022,COMUNIDAD VALENCIANA,LIMONERO,LIMÓN FINO (Mesero),87.0,595.0,0.302,0.302,0.0,0.0,0,0,0,0,0,0,0,0,0,0,0,0,0,0
2022,COMUNIDAD VALENCIANA,MANZANA,MANZANA CONSUMO FRESCO,53.0,385.0,1.15,1.15,0.0,0.0,0,0,0,0,0,0,0,0,0,0,0,0,0,0
2022,COMUNIDAD VALENCIANA,PERA,PERA CONSUMO EN FRESCO,101.0,1032.0,0.738,0.738,0.0,0.0,0,0,0,0,0,0,0,0,0,0,0,0,0,0
2022,COMUNIDAD VALENCIANA,NÍSPERO,NISPERO,133.0,713.0,1.298,1.292,1.4,0.0,0,0,0,0,0,0,0,0,0,0,0,0,0,0
2022,COMUNIDAD VALENCIANA,ALBARICOQUE,ALBARICOQUE CONSUMO EN FRESCO,141.0,804.0,0.935,0.845,0.0,0.964,0,0,0,0,0,0,0,0,0,0,0,0,0,0
2022,COMUNIDAD VALENCIANA,CEREZA,CEREZA,570.0,1350.0,2.631,2.674,2.4,0.0,0,0,0,0,0,0,0,0,0,0,0,0,0,0
2022,COMUNIDAD VALENCIANA,MELOCOTÓN (3),MELOCOTÓN  CONSUMO EN FRESCO,316.0,2119.0,0.833,0.0,0.0,0.833,0,0,0,0,0,0,0,0,0,0,0,0,0,0
2022,COMUNIDAD VALENCIANA,CIRUELA,CIRUELA,80.0,551.0,0.523,0.454,0.0,0.598,0,0,0,0,0,0,0,0,0,0,0,0,0,0
2022,COMUNIDAD VALENCIANA,GRANADA,GRANADA,118.0,2160.0,0.641,0.641,0.0,0.0,0,0,0,0,0,0,0,0,0,0,0,0,0,0
2022,COMUNIDAD VALENCIANA,CAQUI,CAQUI,152.0,2025.0,0.526,0.0,0.0,0.526,0,0,0,0,0,0,0,0,0,0,0,0,0,0
2022,COMUNIDAD VALENCIANA,AGUACATE,AGUACATE,633.0,2100.0,0.0,0.0,0.0,0.0,0,0,0,0,0,0,0,0,0,0,0,0,0,0
2022,COMUNIDAD VALENCIANA,ALMENDRA,ALMENDRA CASCARA,34000.0,10577.0,1.193,1.103,1.263,1.255,0,0,0,0,0,0,0,0,0,0,0,0,0,0
2022,COMUNIDAD VALENCIANA,UVA DE MESA,UVA DE MESA,38.0,77.0,0.614,0.614,0.0,0.0,0,0,0,0,0,0,0,0,0,0,0,0,0,0
2022,COMUNIDAD VALENCIANA,UVA DE VINIFICACIÓN,VINO BLANCO DOP+IGP  (R(CE) 479/2008),731.0,217.0,52.51,36.3,0.0,54.48,0,0,0,0,0,0,0,0,0,0,0,0,0,0
2022,COMUNIDAD VALENCIANA,UVA DE VINIFICACIÓN,VINO BLANCO VARIETAL+OTROS (R(CE) 479/2008),731.0,217.0,51.62,0.0,0.0,51.62,0,0,0,0,0,0,0,0,0,0,0,0,0,0
2022,COMUNIDAD VALENCIANA,UVA DE VINIFICACIÓN,VINO TINTO Y ROSADO DOP+IGP (R(CE) 479/2008),731.0,217.0,41.17,45.15,0.0,40.4,0,0,0,0,0,0,0,0,0,0,0,0,0,0
2022,COMUNIDAD VALENCIANA,UVA DE VINIFICACIÓN,VINO TINTO Y ROSADO VARIETAL+OTROS (R(CE) 479/2008),731.0,217.0,42.35,39.8,0.0,42.47,0,0,0,0,0,0,0,0,0,0,0,0,0,0
2022,COMUNIDAD VALENCIANA,OLIVO,OLIVO,32173.0,5306.0,0.0,0.0,0.0,0.0,0,0,0,0,0,0,0,0,0,0,0,0,0,0
2022,COMUNIDAD VALENCIANA,ALGARROBA (GARROFA),ALGARROBA (GARROFA),7725.0,3650.0,0.0,0.0,0.0,0.0,0,0,0,0,0,0,0,0,0,0,0,0,0,0
2022,COMUNIDAD VALENCIANA,ARROZ,ARROZ CÁSCARA,14459.0,89034.0,0.413,0.0,0.0,0.413,0,0,0,0,0,0,0,0,0,0,0,0,0,0
2022,COMUNIDAD VALENCIANA,TRIGO,TRIGO,2898.0,5332.0,0.0,0.0,0.0,0.0,0,0,0,0,0,0,0,0,0,0,0,0,0,0
2022,COMUNIDAD VALENCIANA,CEBADA,CEBADA (2 carreras),7634.0,15400.0,0.289,0.294,0.234,0.294,0,0,0,0,0,0,0,0,0,0,0,0,0,0
2022,COMUNIDAD VALENCIANA,MAÍZ,MAÍZ GRANO,88.0,1408.0,0.315,0.317,0.277,0.317,0,0,0,0,0,0,0,0,0,0,0,0,0,0
2022,COMUNIDAD VALENCIANA,PATATA,PATATA EXTRATEMP Y TEMPRANA,1019.0,42413.0,0.326,0.397,0.445,0.295,0,0,0,0,0,0,0,0,0,0,0,0,0,0
2022,COMUNIDAD VALENCIANA,PATATA,PATATA MED ESTAC Y TARDIA,1019.0,42413.0,0.483,0.483,0.0,0.0,0,0,0,0,0,0,0,0,0,0,0,0,0,0
2022,COMUNIDAD VALENCIANA,CHUFA,CHUFA,610.0,9091.0,0.8,0.0,0.0,0.8,0,0,0,0,0,0,0,0,0,0,0,0,0,0
2022,COMUNIDAD VALENCIANA,ALCACHOFA,ALCACHOFA consumo fresco,1027.0,19333.0,0.845,0.761,0.915,0.864,0,0,0,0,0,0,0,0,0,0,0,0,0,0
2022,COMUNIDAD VALENCIANA,ALCACHOFA,ALCACHOFA industria,1027.0,19333.0,0.369,0.381,0.378,0.284,0,0,0,0,0,0,0,0,0,0,0,0,0,0
2022,COMUNIDAD VALENCIANA,BERENJENA,BERENJENA,119.0,7497.0,0.0,0.0,0.0,0.0,0,0,0,0,0,0,0,0,0,0,0,0,0,0
2022,COMUNIDAD VALENCIANA,BRÓCULI,BRÓCULI,44.0,1320.0,0.0,0.0,0.0,0.0,0,0,0,0,0,0,0,0,0,0,0,0,0,0
2022,COMUNIDAD VALENCIANA,CEBOLLA,CEBOLLA,1121.0,58493.0,0.874,1.275,0.409,0.779,0,0,0,0,0,0,0,0,0,0,0,0,0,0
2022,COMUNIDAD VALENCIANA,COL Y REPOLLO,COL Y REPOLLO,913.0,41028.0,0.0,0.0,0.0,0.0,0,0,0,0,0,0,0,0,0,0,0,0,0,0
2022,COMUNIDAD VALENCIANA,COLIFLOR,COLIFLOR,616.0,16842.0,0.51,0.359,0.487,0.676,0,0,0,0,0,0,0,0,0,0,0,0,0,0
2022,COMUNIDAD VALENCIANA,ESCAROLA,ESCAROLA,118.0,4463.0,0.0,0.0,0.0,0.0,0,0,0,0,0,0,0,0,0,0,0,0,0,0
2022,COMUNIDAD VALENCIANA,ESPINACA,ESPINACA,193.0,3509.0,0.0,0.0,0.0,0.0,0,0,0,0,0,0,0,0,0,0,0,0,0,0
2022,COMUNIDAD VALENCIANA,HABA VERDE,HABA VERDE,91.0,487.0,0.0,0.0,0.0,0.0,0,0,0,0,0,0,0,0,0,0,0,0,0,0
2022,COMUNIDAD VALENCIANA,JUDÍA VERDE,JUDÍA VERDE,90.0,1305.0,0.0,0.0,0.0,0.0,0,0,0,0,0,0,0,0,0,0,0,0,0,0
2022,COMUNIDAD VALENCIANA,LECHUGA,LECHUGA TOTAL,467.0,20986.0,0.353,0.429,0.289,0.257,0,0,0,0,0,0,0,0,0,0,0,0,0,0
2022,COMUNIDAD VALENCIANA,MELÓN,MELÓN,102.0,3672.0,0.524,0.456,0.768,0.0,0,0,0,0,0,0,0,0,0,0,0,0,0,0
2022,COMUNIDAD VALENCIANA,PEPINO,PEPINO,23.0,1345.0,0.0,0.0,0.0,0.0,0,0,0,0,0,0,0,0,0,0,0,0,0,0
2022,COMUNIDAD VALENCIANA,PIMIENTO,PIMIENTO CONSUMO EN FRESCO,372.0,24180.0,0.869,0.864,1.089,0.84,0,0,0,0,0,0,0,0,0,0,0,0,0,0
2022,COMUNIDAD VALENCIANA,SANDÍA,SANDÍA,835.0,45925.0,0.467,0.352,0.418,0.51,0,0,0,0,0,0,0,0,0,0,0,0,0,0
2022,COMUNIDAD VALENCIANA,TOMATE,TOMATE CONSUMO EN FRESCO,188.0,8620.0,1.276,1.226,1.421,1.316,0,0,0,0,0,0,0,0,0,0,0,0,0,0
2022,COMUNIDAD VALENCIANA,ALFALFA,HENO DE ALFALFA,247.0,5798.0,0.243,0.243,0.243,0.243,0,0,0,0,0,0,0,0,0,0,0,0,0,0
2022,COMUNIDAD VALENCIANA,FLORES (1),FLOR CORTADA CLAVELES (euros/docena),14.0,552.0,1.936,1.936,0.0,0.0,0,0,0,0,0,0,0,0,0,0,0,0,0,0
2022,COMUNIDAD VALENCIANA,FLORES (1),FLOR CORTADA ROSAS (euros/docena),14.0,552.0,6.283,5.124,0.0,10.686,0,0,0,0,0,0,0,0,0,0,0,0,0,0
2022,COMUNIDAD VALENCIANA,P. ORNAMENTAL (1),P. ORNAMENTAL (1),1329.0,51034.0,0.0,0.0,0.0,0.0,0,0,0,0,0,0,0,0,0,0,0,0,0,0
2022,COMUNIDAD VALENCIANA,NARANJO DULCE,NAVELINA,54718.0,1106768.0,0.189,0.17,0.192,0.192,0,0,0,0,0,0,0,0,0,0,0,0,0,0
2022,COMUNIDAD VALENCIANA,NARANJO DULCE,W. NAVEL,54718.0,1106768.0,0.158,0.128,0.171,0.162,0,0,0,0,0,0,0,0,0,0,0,0,0,0
2022,COMUNIDAD VALENCIANA,NARANJO DULCE,NAVEL LANE LATE,54718.0,1106768.0,0.152,0.151,0.195,0.144,0,0,0,0,0,0,0,0,0,0,0,0,0,0
2022,COMUNIDAD VALENCIANA,NARANJO DULCE,SALUSTIANA,54718.0,1106768.0,0.187,0.195,0.196,0.185,0,0,0,0,0,0,0,0,0,0,0,0,0,0
2022,COMUNIDAD VALENCIANA,NARANJO DULCE,VALENCIA LATE,54718.0,1106768.0,0.151,0.136,0.162,0.153,0,0,0,0,0,0,0,0,0,0,0,0,0,0
2022,COMUNIDAD VALENCIANA,MANDARINO,CLAUSELLINA-OKITSU,33397.0,596106.0,0.232,0.246,0.256,0.23,0,0,0,0,0,0,0,0,0,0,0,0,0,0
2022,COMUNIDAD VALENCIANA,MANDARINO,SATSUMA-OWARI,33397.0,596106.0,0.206,0.215,0.216,0.205,0,0,0,0,0,0,0,0,0,0,0,0,0,0
2022,COMUNIDAD VALENCIANA,MANDARINO,CLEMENRUBI,33397.0,596106.0,0.505,0.613,0.468,0.504,0,0,0,0,0,0,0,0,0,0,0,0,0,0
2022,COMUNIDAD VALENCIANA,MANDARINO,MARISOL,33397.0,596106.0,0.29,0.328,0.296,0.277,0,0,0,0,0,0,0,0,0,0,0,0,0,0
2022,COMUNIDAD VALENCIANA,MANDARINO,CLEMENTINA DE NULES,33397.0,596106.0,0.356,0.319,0.384,0.323,0,0,0,0,0,0,0,0,0,0,0,0,0,0
2022,COMUNIDAD VALENCIANA,MANDARINO,CLEMENTINA HERNANDINA,33397.0,596106.0,0.362,0.328,0.365,0.0,0,0,0,0,0,0,0,0,0,0,0,0,0,0
2022,COMUNIDAD VALENCIANA,MANDARINO,CLEMENVILLA O NOVA,33397.0,596106.0,0.369,0.381,0.425,0.355,0,0,0,0,0,0,0,0,0,0,0,0,0,0
2022,COMUNIDAD VALENCIANA,MANDARINO,ORTANIQUE,33397.0,596106.0,0.179,0.198,0.176,0.177,0,0,0,0,0,0,0,0,0,0,0,0,0,0
2022,COMUNIDAD VALENCIANA,MANDARINO,NADORCOTT,33397.0,596106.0,0.576,0.531,0.536,0.614,0,0,0,0,0,0,0,0,0,0,0,0,0,0
2022,COMUNIDAD VALENCIANA,MANDARINO,OTRAS MANDARINAS HÍBRIDAS,33397.0,596106.0,0.614,0.5,0.617,0.69,0,0,0,0,0,0,0,0,0,0,0,0,0,0
2022,COMUNIDAD VALENCIANA,LIMONERO,LIMÓN VERNA,290.0,1663.0,0.446,0.446,0.0,0.0,0,0,0,0,0,0,0,0,0,0,0,0,0,0
2022,COMUNIDAD VALENCIANA,LIMONERO,LIMÓN FINO (Mesero),290.0,1663.0,0.302,0.302,0.0,0.0,0,0,0,0,0,0,0,0,0,0,0,0,0,0
2022,COMUNIDAD VALENCIANA,MANZANA,MANZANA CONSUMO FRESCO,96.0,786.0,1.15,1.15,0.0,0.0,0,0,0,0,0,0,0,0,0,0,0,0,0,0
2022,COMUNIDAD VALENCIANA,PERA,PERA CONSUMO EN FRESCO,32.0,236.0,0.738,0.738,0.0,0.0,0,0,0,0,0,0,0,0,0,0,0,0,0,0
2022,COMUNIDAD VALENCIANA,NÍSPERO,NISPERO,38.0,513.0,1.298,1.292,1.4,0.0,0,0,0,0,0,0,0,0,0,0,0,0,0,0
2022,COMUNIDAD VALENCIANA,ALBARICOQUE,ALBARICOQUE CONSUMO EN FRESCO,2225.0,12783.0,0.935,0.845,0.0,0.964,0,0,0,0,0,0,0,0,0,0,0,0,0,0
2022,COMUNIDAD VALENCIANA,CEREZA,CEREZA,87.0,125.0,2.631,2.674,2.4,0.0,0,0,0,0,0,0,0,0,0,0,0,0,0,0
2022,COMUNIDAD VALENCIANA,MELOCOTÓN (3),MELOCOTÓN  CONSUMO EN FRESCO,2934.0,25760.0,0.833,0.0,0.0,0.833,0,0,0,0,0,0,0,0,0,0,0,0,0,0
2022,COMUNIDAD VALENCIANA,CIRUELA,CIRUELA,970.0,9411.0,0.523,0.454,0.0,0.598,0,0,0,0,0,0,0,0,0,0,0,0,0,0
2022,COMUNIDAD VALENCIANA,GRANADA,GRANADA,529.0,4473.0,0.641,0.641,0.0,0.0,0,0,0,0,0,0,0,0,0,0,0,0,0,0
2022,COMUNIDAD VALENCIANA,CAQUI,CAQUI,14400.0,404885.0,0.526,0.0,0.0,0.526,0,0,0,0,0,0,0,0,0,0,0,0,0,0
2022,COMUNIDAD VALENCIANA,AGUACATE,AGUACATE,1180.0,9246.0,0.0,0.0,0.0,0.0,0,0,0,0,0,0,0,0,0,0,0,0,0,0
2022,COMUNIDAD VALENCIANA,ALMENDRA,ALMENDRA CASCARA,35226.0,15282.0,1.193,1.103,1.263,1.255,0,0,0,0,0,0,0,0,0,0,0,0,0,0
2022,COMUNIDAD VALENCIANA,UVA DE MESA,UVA DE MESA,188.0,174.0,0.614,0.614,0.0,0.0,0,0,0,0,0,0,0,0,0,0,0,0,0,0
2022,COMUNIDAD VALENCIANA,UVA DE VINIFICACIÓN,VINO BLANCO DOP+IGP  (R(CE) 479/2008),45747.0,281173.0,52.51,36.3,0.0,54.48,0,0,0,0,0,0,0,0,0,0,0,0,0,0
2022,COMUNIDAD VALENCIANA,UVA DE VINIFICACIÓN,VINO BLANCO VARIETAL+OTROS (R(CE) 479/2008),45747.0,281173.0,51.62,0.0,0.0,51.62,0,0,0,0,0,0,0,0,0,0,0,0,0,0
2022,COMUNIDAD VALENCIANA,UVA DE VINIFICACIÓN,VINO TINTO Y ROSADO DOP+IGP (R(CE) 479/2008),45747.0,281173.0,41.17,45.15,0.0,40.4,0,0,0,0,0,0,0,0,0,0,0,0,0,0
2022,COMUNIDAD VALENCIANA,UVA DE VINIFICACIÓN,VINO TINTO Y ROSADO VARIETAL+OTROS (R(CE) 479/2008),45747.0,281173.0,42.35,39.8,0.0,42.47,0,0,0,0,0,0,0,0,0,0,0,0,0,0
2022,COMUNIDAD VALENCIANA,OLIVO,OLIVO,31728.0,11156.0,0.0,0.0,0.0,0.0,0,0,0,0,0,0,0,0,0,0,0,0,0,0
2022,COMUNIDAD VALENCIANA,ALGARROBA (GARROFA),ALGARROBA (GARROFA),8754.0,9276.0,0.0,0.0,0.0,0.0,0,0,0,0,0,0,0,0,0,0,0,0,0,0
2023,COMUNIDAD VALENCIANA,ARROZ,ARROZ CÁSCARA,15365.0,95943.0,0.62,0.0,0.0,0.62,0,0,0,0,0,0,0,0,0,0,0,0,0,0
2023,COMUNIDAD VALENCIANA,TRIGO,TRIGO,5578.0,3997.0,0.0,0.0,0.0,0.0,0,0,0,0,0,0,0,0,0,0,0,0,0,0
2023,COMUNIDAD VALENCIANA,CEBADA,CEBADA (2 carreras),12796.0,9111.0,0.239,0.239,0.239,0.239,0,0,0,0,0,0,0,0,0,0,0,0,0,0
2023,COMUNIDAD VALENCIANA,MAÍZ,MAÍZ GRANO,296.0,3336.0,0.254,0.254,0.254,0.254,0,0,0,0,0,0,0,0,0,0,0,0,0,0
2023,COMUNIDAD VALENCIANA,PATATA,PATATA EXTRATEMP Y TEMPRANA,2426.0,80723.0,0.522,0.644,0.615,0.484,0,0,0,0,0,0,0,0,0,0,0,0,0,0
2023,COMUNIDAD VALENCIANA,PATATA,PATATA MED ESTAC Y TARDIA,2426.0,80723.0,0.507,0.507,0.0,0.0,0,0,0,0,0,0,0,0,0,0,0,0,0,0
2023,COMUNIDAD VALENCIANA,CHUFA,CHUFA,582.0,7159.0,0.818,0.0,0.0,0.818,0,0,0,0,0,0,0,0,0,0,0,0,0,0
2023,COMUNIDAD VALENCIANA,ALCACHOFA,ALCACHOFA consumo fresco,4885.0,73795.0,1.364,1.223,1.491,1.387,0,0,0,0,0,0,0,0,0,0,0,0,0,0
2023,COMUNIDAD VALENCIANA,ALCACHOFA,ALCACHOFA industria,4885.0,73795.0,0.597,0.636,0.61,0.348,0,0,0,0,0,0,0,0,0,0,0,0,0,0
2023,COMUNIDAD VALENCIANA,BERENJENA,BERENJENA,235.0,11954.0,0.0,0.0,0.0,0.0,0,0,0,0,0,0,0,0,0,0,0,0,0,0
2023,COMUNIDAD VALENCIANA,BRÓCULI,BRÓCULI,3317.0,65789.0,0.0,0.0,0.0,0.0,0,0,0,0,0,0,0,0,0,0,0,0,0,0
2023,COMUNIDAD VALENCIANA,CEBOLLA,CEBOLLA,1728.0,89726.0,1.063,1.293,0.691,1.018,0,0,0,0,0,0,0,0,0,0,0,0,0,0
2023,COMUNIDAD VALENCIANA,COL Y REPOLLO,COL Y REPOLLO,1759.0,68005.0,0.0,0.0,0.0,0.0,0,0,0,0,0,0,0,0,0,0,0,0,0,0
2023,COMUNIDAD VALENCIANA,COLIFLOR,COLIFLOR,1443.0,36763.0,0.847,0.772,0.84,0.925,0,0,0,0,0,0,0,0,0,0,0,0,0,0
2023,COMUNIDAD VALENCIANA,ESCAROLA,ESCAROLA,449.0,13602.0,0.0,0.0,0.0,0.0,0,0,0,0,0,0,0,0,0,0,0,0,0,0
2023,COMUNIDAD VALENCIANA,ESPINACA,ESPINACA,384.0,8803.0,0.0,0.0,0.0,0.0,0,0,0,0,0,0,0,0,0,0,0,0,0,0
2023,COMUNIDAD VALENCIANA,HABA VERDE,HABA VERDE,441.0,5198.0,0.0,0.0,0.0,0.0,0,0,0,0,0,0,0,0,0,0,0,0,0,0
2023,COMUNIDAD VALENCIANA,JUDÍA VERDE,JUDÍA VERDE,231.0,4838.0,0.0,0.0,0.0,0.0,0,0,0,0,0,0,0,0,0,0,0,0,0,0
2023,COMUNIDAD VALENCIANA,LECHUGA,LECHUGA TOTAL,1680.0,59495.0,0.377,0.442,0.327,0.289,0,0,0,0,0,0,0,0,0,0,0,0,0,0
2023,COMUNIDAD VALENCIANA,MELÓN,MELÓN,1200.0,34739.0,0.828,0.705,1.266,0.0,0,0,0,0,0,0,0,0,0,0,0,0,0,0
2023,COMUNIDAD VALENCIANA,PEPINO,PEPINO,132.0,5881.0,0.0,0.0,0.0,0.0,0,0,0,0,0,0,0,0,0,0,0,0,0,0
2023,COMUNIDAD VALENCIANA,PIMIENTO,PIMIENTO CONSUMO EN FRESCO,911.0,69431.0,0.997,1.007,1.364,0.923,0,0,0,0,0,0,0,0,0,0,0,0,0,0
2023,COMUNIDAD VALENCIANA,SANDÍA,SANDÍA,1404.0,61392.0,0.612,0.475,0.606,0.649,0,0,0,0,0,0,0,0,0,0,0,0,0,0
2023,COMUNIDAD VALENCIANA,TOMATE,TOMATE CONSUMO EN FRESCO,1037.0,59101.0,1.427,1.506,1.337,1.054,0,0,0,0,0,0,0,0,0,0,0,0,0,0
2023,COMUNIDAD VALENCIANA,ALFALFA,HENO DE ALFALFA,1313.0,63222.0,0.306,0.306,0.306,0.306,0,0,0,0,0,0,0,0,0,0,0,0,0,0
2023,COMUNIDAD VALENCIANA,FLORES (1),FLOR CORTADA CLAVELES (euros/docena),72.0,2725.0,1.636,1.636,0.0,0.0,0,0,0,0,0,0,0,0,0,0,0,0,0,0
2023,COMUNIDAD VALENCIANA,FLORES (1),FLOR CORTADA ROSAS (euros/docena),72.0,2725.0,6.463,5.588,0.0,9.792,0,0,0,0,0,0,0,0,0,0,0,0,0,0
2023,COMUNIDAD VALENCIANA,P. ORNAMENTAL (1),P. ORNAMENTAL (1),4546.0,104728.0,0.0,0.0,0.0,0.0,0,0,0,0,0,0,0,0,0,0,0,0,0,0
2023,COMUNIDAD VALENCIANA,NARANJO DULCE,NAVELINA,71190.0,1288026.0,0.261,0.302,0.289,0.255,0,0,0,0,0,0,0,0,0,0,0,0,0,0
2023,COMUNIDAD VALENCIANA,NARANJO DULCE,W. NAVEL,71190.0,1288026.0,0.255,0.24,0.27,0.255,0,0,0,0,0,0,0,0,0,0,0,0,0,0
2023,COMUNIDAD VALENCIANA,NARANJO DULCE,NAVEL LANE LATE,71190.0,1288026.0,0.381,0.433,0.36,0.365,0,0,0,0,0,0,0,0,0,0,0,0,0,0
2023,COMUNIDAD VALENCIANA,NARANJO DULCE,SALUSTIANA,71190.0,1288026.0,0.225,0.26,0.233,0.217,0,0,0,0,0,0,0,0,0,0,0,0,0,0
2023,COMUNIDAD VALENCIANA,NARANJO DULCE,VALENCIA LATE,71190.0,1288026.0,0.419,0.427,0.406,0.418,0,0,0,0,0,0,0,0,0,0,0,0,0,0
2023,COMUNIDAD VALENCIANA,MANDARINO,CLAUSELLINA-OKITSU,64132.0,1145194.0,0.317,0.386,0.324,0.312,0,0,0,0,0,0,0,0,0,0,0,0,0,0
2023,COMUNIDAD VALENCIANA,MANDARINO,SATSUMA-OWARI,64132.0,1145194.0,0.269,0.281,0.28,0.269,0,0,0,0,0,0,0,0,0,0,0,0,0,0
2023,COMUNIDAD VALENCIANA,MANDARINO,CLEMENRUBI,64132.0,1145194.0,0.585,0.735,0.604,0.562,0,0,0,0,0,0,0,0,0,0,0,0,0,0
2023,COMUNIDAD VALENCIANA,MANDARINO,MARISOL,64132.0,1145194.0,0.384,0.431,0.442,0.337,0,0,0,0,0,0,0,0,0,0,0,0,0,0
2023,COMUNIDAD VALENCIANA,MANDARINO,CLEMENTINA DE NULES,64132.0,1145194.0,0.413,0.382,0.445,0.375,0,0,0,0,0,0,0,0,0,0,0,0,0,0
2023,COMUNIDAD VALENCIANA,MANDARINO,CLEMENTINA HERNANDINA,64132.0,1145194.0,0.499,0.499,0.499,0.0,0,0,0,0,0,0,0,0,0,0,0,0,0,0
2023,COMUNIDAD VALENCIANA,MANDARINO,CLEMENVILLA O NOVA,64132.0,1145194.0,0.414,0.436,0.47,0.398,0,0,0,0,0,0,0,0,0,0,0,0,0,0
2023,COMUNIDAD VALENCIANA,MANDARINO,ORTANIQUE,64132.0,1145194.0,0.302,0.294,0.305,0.302,0,0,0,0,0,0,0,0,0,0,0,0,0,0
2023,COMUNIDAD VALENCIANA,MANDARINO,NADORCOTT,64132.0,1145194.0,0.791,0.85,0.694,0.762,0,0,0,0,0,0,0,0,0,0,0,0,0,0
2023,COMUNIDAD VALENCIANA,MANDARINO,OTRAS MANDARINAS HÍBRIDAS,64132.0,1145194.0,0.852,0.907,0.898,0.794,0,0,0,0,0,0,0,0,0,0,0,0,0,0
2023,COMUNIDAD VALENCIANA,LIMONERO,LIMÓN VERNA,16907.0,351973.0,0.452,0.452,0.0,0.0,0,0,0,0,0,0,0,0,0,0,0,0,0,0
2023,COMUNIDAD VALENCIANA,LIMONERO,LIMÓN FINO (Mesero),16907.0,351973.0,0.318,0.318,0.0,0.0,0,0,0,0,0,0,0,0,0,0,0,0,0,0
2023,COMUNIDAD VALENCIANA,MANZANA,MANZANA CONSUMO FRESCO,489.0,7141.0,1.144,1.144,0.0,0.0,0,0,0,0,0,0,0,0,0,0,0,0,0,0
2023,COMUNIDAD VALENCIANA,PERA,PERA CONSUMO EN FRESCO,221.0,3547.0,0.0,0.0,0.0,0.0,0,0,0,0,0,0,0,0,0,0,0,0,0,0
2023,COMUNIDAD VALENCIANA,NÍSPERO,NISPERO,1031.0,14954.0,0.965,0.964,0.0,0.0,0,0,0,0,0,0,0,0,0,0,0,0,0,0
2023,COMUNIDAD VALENCIANA,ALBARICOQUE,ALBARICOQUE CONSUMO EN FRESCO,2847.0,20775.0,0.745,1.22,0.0,0.595,0,0,0,0,0,0,0,0,0,0,0,0,0,0
2023,COMUNIDAD VALENCIANA,CEREZA,CEREZA,2486.0,9512.0,4.58,4.66,4.15,0.0,0,0,0,0,0,0,0,0,0,0,0,0,0,0
2023,COMUNIDAD VALENCIANA,MELOCOTÓN (3),MELOCOTÓN  CONSUMO EN FRESCO,3381.0,37413.0,0.747,0.0,0.0,0.747,0,0,0,0,0,0,0,0,0,0,0,0,0,0
2023,COMUNIDAD VALENCIANA,CIRUELA,CIRUELA,1288.0,12717.0,0.866,0.866,0.0,0.866,0,0,0,0,0,0,0,0,0,0,0,0,0,0
2023,COMUNIDAD VALENCIANA,GRANADA,GRANADA,3516.0,70432.0,0.511,0.511,0.0,0.0,0,0,0,0,0,0,0,0,0,0,0,0,0,0
2023,COMUNIDAD VALENCIANA,CAQUI,CAQUI,14263.0,406665.0,0.467,0.0,0.0,0.467,0,0,0,0,0,0,0,0,0,0,0,0,0,0
2023,COMUNIDAD VALENCIANA,AGUACATE,AGUACATE,2874.0,17401.0,0.0,0.0,0.0,0.0,0,0,0,0,0,0,0,0,0,0,0,0,0,0
2023,COMUNIDAD VALENCIANA,ALMENDRA,ALMENDRA CASCARA,88586.0,38670.0,0.91,0.904,0.895,0.93,0,0,0,0,0,0,0,0,0,0,0,0,0,0
2023,COMUNIDAD VALENCIANA,UVA DE MESA,UVA DE MESA,5276.0,92065.0,0.912,0.912,0.0,0.0,0,0,0,0,0,0,0,0,0,0,0,0,0,0
2023,COMUNIDAD VALENCIANA,UVA DE VINIFICACIÓN,VINO BLANCO DOP+IGP  (R(CE) 479/2008),56391.0,200076.0,53.449,39.0,0.0,55.211,0,0,0,0,0,0,0,0,0,0,0,0,0,0
2023,COMUNIDAD VALENCIANA,UVA DE VINIFICACIÓN,VINO BLANCO VARIETAL+OTROS (R(CE) 479/2008),56391.0,200076.0,52.68,0.0,0.0,52.68,0,0,0,0,0,0,0,0,0,0,0,0,0,0
2023,COMUNIDAD VALENCIANA,UVA DE VINIFICACIÓN,VINO TINTO Y ROSADO DOP+IGP (R(CE) 479/2008),56391.0,200076.0,40.736,42.05,0.0,40.48,0,0,0,0,0,0,0,0,0,0,0,0,0,0
2023,COMUNIDAD VALENCIANA,UVA DE VINIFICACIÓN,VINO TINTO Y ROSADO VARIETAL+OTROS (R(CE) 479/2008),56391.0,200076.0,46.233,36.5,0.0,46.687,0,0,0,0,0,0,0,0,0,0,0,0,0,0
2023,COMUNIDAD VALENCIANA,OLIVO,OLIVO,91236.0,121810.0,0.0,0.0,0.0,0.0,0,0,0,0,0,0,0,0,0,0,0,0,0,0
2023,COMUNIDAD VALENCIANA,ALGARROBA (GARROFA),ALGARROBA (GARROFA),16849.0,13527.0,0.0,0.0,0.0,0.0,0,0,0,0,0,0,0,0,0,0,0,0,0,0
2023,COMUNIDAD VALENCIANA,ARROZ (CÁSCARA),ARROZ (CÁSCARA),430.0,1417.0,0.0,0.0,0.0,0.0,0,0,0,0,0,0,0,0,0,0,0,0,0,0
2023,COMUNIDAD VALENCIANA,TRIGO,TRIGO,1682.0,1498.0,0.0,0.0,0.0,0.0,0,0,0,0,0,0,0,0,0,0,0,0,0,0
2023,COMUNIDAD VALENCIANA,CEBADA,CEBADA (2 carreras),2494.0,2497.0,0.239,0.239,0.239,0.239,0,0,0,0,0,0,0,0,0,0,0,0,0,0
2023,COMUNIDAD VALENCIANA,MAÍZ,MAÍZ GRANO,180.0,2250.0,0.254,0.254,0.254,0.254,0,0,0,0,0,0,0,0,0,0,0,0,0,0
2023,COMUNIDAD VALENCIANA,PATATA TOTAL,PATATA TOTAL,946.0,30194.0,0.0,0.0,0.0,0.0,0,0,0,0,0,0,0,0,0,0,0,0,0,0
2023,COMUNIDAD VALENCIANA,CHUFA,CHUFA,0.0,0.0,0.818,0.0,0.0,0.818,0,0,0,0,0,0,0,0,0,0,0,0,0,0
2023,COMUNIDAD VALENCIANA,ALCACHOFA,ALCACHOFA consumo fresco,2689.0,37991.0,1.364,1.223,1.491,1.387,0,0,0,0,0,0,0,0,0,0,0,0,0,0
2023,COMUNIDAD VALENCIANA,ALCACHOFA,ALCACHOFA industria,2689.0,37991.0,0.597,0.636,0.61,0.348,0,0,0,0,0,0,0,0,0,0,0,0,0,0
2023,COMUNIDAD VALENCIANA,BERENJENA,BERENJENA,42.0,2161.0,0.0,0.0,0.0,0.0,0,0,0,0,0,0,0,0,0,0,0,0,0,0
2023,COMUNIDAD VALENCIANA,BRÓCULI,BRÓCULI,3010.0,60483.0,0.0,0.0,0.0,0.0,0,0,0,0,0,0,0,0,0,0,0,0,0,0
2023,COMUNIDAD VALENCIANA,CEBOLLA,CEBOLLA,431.0,18604.0,1.063,1.293,0.691,1.018,0,0,0,0,0,0,0,0,0,0,0,0,0,0
2023,COMUNIDAD VALENCIANA,COL Y REPOLLO,COL Y REPOLLO,501.0,15112.0,0.0,0.0,0.0,0.0,0,0,0,0,0,0,0,0,0,0,0,0,0,0
2023,COMUNIDAD VALENCIANA,COLIFLOR,COLIFLOR,553.0,14210.0,0.847,0.772,0.84,0.925,0,0,0,0,0,0,0,0,0,0,0,0,0,0
2023,COMUNIDAD VALENCIANA,ESCAROLA,ESCAROLA,132.0,4443.0,0.0,0.0,0.0,0.0,0,0,0,0,0,0,0,0,0,0,0,0,0,0
2023,COMUNIDAD VALENCIANA,ESPINACA,ESPINACA,185.0,4233.0,0.0,0.0,0.0,0.0,0,0,0,0,0,0,0,0,0,0,0,0,0,0
2023,COMUNIDAD VALENCIANA,HABA VERDE,HABA VERDE,293.0,3586.0,0.0,0.0,0.0,0.0,0,0,0,0,0,0,0,0,0,0,0,0,0,0
2023,COMUNIDAD VALENCIANA,JUDÍA VERDE,JUDÍA VERDE,42.0,630.0,0.0,0.0,0.0,0.0,0,0,0,0,0,0,0,0,0,0,0,0,0,0
2023,COMUNIDAD VALENCIANA,LECHUGA,LECHUGA TOTAL,886.0,30400.0,0.377,0.442,0.327,0.289,0,0,0,0,0,0,0,0,0,0,0,0,0,0
2023,COMUNIDAD VALENCIANA,MELÓN,MELÓN,920.0,25738.0,0.828,0.705,1.266,0.0,0,0,0,0,0,0,0,0,0,0,0,0,0,0
2023,COMUNIDAD VALENCIANA,PEPINO,PEPINO,46.0,2404.0,0.0,0.0,0.0,0.0,0,0,0,0,0,0,0,0,0,0,0,0,0,0
2023,COMUNIDAD VALENCIANA,PIMIENTO,PIMIENTO CONSUMO EN FRESCO,421.0,41596.0,0.997,1.007,1.364,0.923,0,0,0,0,0,0,0,0,0,0,0,0,0,0
2023,COMUNIDAD VALENCIANA,SANDÍA,SANDÍA,270.0,12610.0,0.612,0.475,0.606,0.649,0,0,0,0,0,0,0,0,0,0,0,0,0,0
2023,COMUNIDAD VALENCIANA,TOMATE,TOMATE CONSUMO EN FRESCO,327.0,31780.0,1.427,1.506,1.337,1.054,0,0,0,0,0,0,0,0,0,0,0,0,0,0
2023,COMUNIDAD VALENCIANA,ALFALFA,HENO DE ALFALFA,900.0,56466.0,0.306,0.306,0.306,0.306,0,0,0,0,0,0,0,0,0,0,0,0,0,0
2023,COMUNIDAD VALENCIANA,FLORES (1),FLOR CORTADA CLAVELES (euros/docena),53.0,1948.0,1.636,1.636,0.0,0.0,0,0,0,0,0,0,0,0,0,0,0,0,0,0
2023,COMUNIDAD VALENCIANA,FLORES (1),FLOR CORTADA ROSAS (euros/docena),53.0,1948.0,6.463,5.588,0.0,9.792,0,0,0,0,0,0,0,0,0,0,0,0,0,0
2023,COMUNIDAD VALENCIANA,PLANTAS DE VIVERO (1),PLANTAS DE VIVERO (1),2403.0,22336.0,0.0,0.0,0.0,0.0,0,0,0,0,0,0,0,0,0,0,0,0,0,0
2023,COMUNIDAD VALENCIANA,NARANJO DULCE,NAVELINA,10243.0,190129.0,0.261,0.302,0.289,0.255,0,0,0,0,0,0,0,0,0,0,0,0,0,0
2023,COMUNIDAD VALENCIANA,NARANJO DULCE,W. NAVEL,10243.0,190129.0,0.255,0.24,0.27,0.255,0,0,0,0,0,0,0,0,0,0,0,0,0,0
2023,COMUNIDAD VALENCIANA,NARANJO DULCE,NAVEL LANE LATE,10243.0,190129.0,0.381,0.433,0.36,0.365,0,0,0,0,0,0,0,0,0,0,0,0,0,0
2023,COMUNIDAD VALENCIANA,NARANJO DULCE,SALUSTIANA,10243.0,190129.0,0.225,0.26,0.233,0.217,0,0,0,0,0,0,0,0,0,0,0,0,0,0
2023,COMUNIDAD VALENCIANA,NARANJO DULCE,VALENCIA LATE,10243.0,190129.0,0.419,0.427,0.406,0.418,0,0,0,0,0,0,0,0,0,0,0,0,0,0
2023,COMUNIDAD VALENCIANA,MANDARINO,CLAUSELLINA-OKITSU,6829.0,127226.0,0.317,0.386,0.324,0.312,0,0,0,0,0,0,0,0,0,0,0,0,0,0
2023,COMUNIDAD VALENCIANA,MANDARINO,SATSUMA-OWARI,6829.0,127226.0,0.269,0.281,0.28,0.269,0,0,0,0,0,0,0,0,0,0,0,0,0,0
2023,COMUNIDAD VALENCIANA,MANDARINO,CLEMENRUBI,6829.0,127226.0,0.585,0.735,0.604,0.562,0,0,0,0,0,0,0,0,0,0,0,0,0,0
2023,COMUNIDAD VALENCIANA,MANDARINO,MARISOL,6829.0,127226.0,0.384,0.431,0.442,0.337,0,0,0,0,0,0,0,0,0,0,0,0,0,0
2023,COMUNIDAD VALENCIANA,MANDARINO,CLEMENTINA DE NULES,6829.0,127226.0,0.413,0.382,0.445,0.375,0,0,0,0,0,0,0,0,0,0,0,0,0,0
2023,COMUNIDAD VALENCIANA,MANDARINO,CLEMENTINA HERNANDINA,6829.0,127226.0,0.499,0.499,0.499,0.0,0,0,0,0,0,0,0,0,0,0,0,0,0,0
2023,COMUNIDAD VALENCIANA,MANDARINO,CLEMENVILLA O NOVA,6829.0,127226.0,0.414,0.436,0.47,0.398,0,0,0,0,0,0,0,0,0,0,0,0,0,0
2023,COMUNIDAD VALENCIANA,MANDARINO,ORTANIQUE,6829.0,127226.0,0.302,0.294,0.305,0.302,0,0,0,0,0,0,0,0,0,0,0,0,0,0
2023,COMUNIDAD VALENCIANA,MANDARINO,NADORCOTT,6829.0,127226.0,0.791,0.85,0.694,0.762,0,0,0,0,0,0,0,0,0,0,0,0,0,0
2023,COMUNIDAD VALENCIANA,MANDARINO,OTRAS MANDARINAS HÍBRIDAS,6829.0,127226.0,0.852,0.907,0.898,0.794,0,0,0,0,0,0,0,0,0,0,0,0,0,0
2023,COMUNIDAD VALENCIANA,LIMONERO,LIMÓN VERNA,16516.0,348474.0,0.452,0.452,0.0,0.0,0,0,0,0,0,0,0,0,0,0,0,0,0,0
2023,COMUNIDAD VALENCIANA,LIMONERO,LIMÓN FINO (Mesero),16516.0,348474.0,0.318,0.318,0.0,0.0,0,0,0,0,0,0,0,0,0,0,0,0,0,0
2023,COMUNIDAD VALENCIANA,MANZANA,MANZANA CONSUMO FRESCO,361.0,5625.0,1.144,1.144,0.0,0.0,0,0,0,0,0,0,0,0,0,0,0,0,0,0
2023,COMUNIDAD VALENCIANA,PERA,PERA CONSUMO EN FRESCO,113.0,2157.0,0.0,0.0,0.0,0.0,0,0,0,0,0,0,0,0,0,0,0,0,0,0
2023,COMUNIDAD VALENCIANA,NÍSPERO,NISPERO,882.0,13338.0,0.965,0.964,0.0,0.0,0,0,0,0,0,0,0,0,0,0,0,0,0,0
2023,COMUNIDAD VALENCIANA,ALBARICOQUE,ALBARICOQUE CONSUMO EN FRESCO,585.0,4050.0,0.745,1.22,0.0,0.595,0,0,0,0,0,0,0,0,0,0,0,0,0,0
2023,COMUNIDAD VALENCIANA,CEREZA,CEREZA,1927.0,7599.0,4.58,4.66,4.15,0.0,0,0,0,0,0,0,0,0,0,0,0,0,0,0
2023,COMUNIDAD VALENCIANA,MELOCOTÓN (3),MELOCOTÓN  CONSUMO EN FRESCO,415.0,4582.0,0.747,0.0,0.0,0.747,0,0,0,0,0,0,0,0,0,0,0,0,0,0
2023,COMUNIDAD VALENCIANA,CIRUELA,CIRUELA,318.0,3558.0,0.866,0.866,0.0,0.866,0,0,0,0,0,0,0,0,0,0,0,0,0,0
2023,COMUNIDAD VALENCIANA,GRANADA,GRANADA,2918.0,61469.0,0.511,0.511,0.0,0.0,0,0,0,0,0,0,0,0,0,0,0,0,0,0
2023,COMUNIDAD VALENCIANA,CAQUI,CAQUI,87.0,355.0,0.467,0.0,0.0,0.467,0,0,0,0,0,0,0,0,0,0,0,0,0,0
2023,COMUNIDAD VALENCIANA,AGUACATE,AGUACATE,606.0,2053.0,0.0,0.0,0.0,0.0,0,0,0,0,0,0,0,0,0,0,0,0,0,0
2023,COMUNIDAD VALENCIANA,ALMENDRA,ALMENDRA CASCARA,22059.0,9763.0,0.91,0.904,0.895,0.93,0,0,0,0,0,0,0,0,0,0,0,0,0,0
2023,COMUNIDAD VALENCIANA,UVA DE MESA,UVA DE MESA,5053.0,91812.0,0.912,0.912,0.0,0.0,0,0,0,0,0,0,0,0,0,0,0,0,0,0
2023,COMUNIDAD VALENCIANA,UVA DE VINIFICACIÓN,VINO BLANCO DOP+IGP  (R(CE) 479/2008),10093.0,19116.0,53.449,39.0,0.0,55.211,0,0,0,0,0,0,0,0,0,0,0,0,0,0
2023,COMUNIDAD VALENCIANA,UVA DE VINIFICACIÓN,VINO BLANCO VARIETAL+OTROS (R(CE) 479/2008),10093.0,19116.0,52.68,0.0,0.0,52.68,0,0,0,0,0,0,0,0,0,0,0,0,0,0
2023,COMUNIDAD VALENCIANA,UVA DE VINIFICACIÓN,VINO TINTO Y ROSADO DOP+IGP (R(CE) 479/2008),10093.0,19116.0,40.736,42.05,0.0,40.48,0,0,0,0,0,0,0,0,0,0,0,0,0,0
2023,COMUNIDAD VALENCIANA,UVA DE VINIFICACIÓN,VINO TINTO Y ROSADO VARIETAL+OTROS (R(CE) 479/2008),10093.0,19116.0,46.233,36.5,0.0,46.687,0,0,0,0,0,0,0,0,0,0,0,0,0,0
2023,COMUNIDAD VALENCIANA,OLIVO,OLIVO,29380.0,42500.0,0.0,0.0,0.0,0.0,0,0,0,0,0,0,0,0,0,0,0,0,0,0
2023,COMUNIDAD VALENCIANA,ALGARROBA (GARROFA),ALGARROBA (GARROFA),674.0,1101.0,0.0,0.0,0.0,0.0,0,0,0,0,0,0,0,0,0,0,0,0,0,0
2023,COMUNIDAD VALENCIANA,ARROZ,ARROZ CÁSCARA,152.0,673.0,0.62,0.0,0.0,0.62,0,0,0,0,0,0,0,0,0,0,0,0,0,0
2023,COMUNIDAD VALENCIANA,TRIGO,TRIGO,883.0,658.0,0.0,0.0,0.0,0.0,0,0,0,0,0,0,0,0,0,0,0,0,0,0
2023,COMUNIDAD VALENCIANA,CEBADA,CEBADA (2 carreras),2653.0,2838.0,0.239,0.239,0.239,0.239,0,0,0,0,0,0,0,0,0,0,0,0,0,0
2023,COMUNIDAD VALENCIANA,MAÍZ,MAÍZ GRANO,36.0,94.0,0.254,0.254,0.254,0.254,0,0,0,0,0,0,0,0,0,0,0,0,0,0
2023,COMUNIDAD VALENCIANA,PATATA,PATATA EXTRATEMP Y TEMPRANA,433.0,10255.0,0.522,0.644,0.615,0.484,0,0,0,0,0,0,0,0,0,0,0,0,0,0
2023,COMUNIDAD VALENCIANA,PATATA,PATATA MED ESTAC Y TARDIA,433.0,10255.0,0.507,0.507,0.0,0.0,0,0,0,0,0,0,0,0,0,0,0,0,0,0
2023,COMUNIDAD VALENCIANA,CHUFA,CHUFA,0.0,0.0,0.818,0.0,0.0,0.818,0,0,0,0,0,0,0,0,0,0,0,0,0,0
2023,COMUNIDAD VALENCIANA,ALCACHOFA,ALCACHOFA consumo fresco,1169.0,14237.0,1.364,1.223,1.491,1.387,0,0,0,0,0,0,0,0,0,0,0,0,0,0
2023,COMUNIDAD VALENCIANA,ALCACHOFA,ALCACHOFA industria,1169.0,14237.0,0.597,0.636,0.61,0.348,0,0,0,0,0,0,0,0,0,0,0,0,0,0
2023,COMUNIDAD VALENCIANA,BERENJENA,BERENJENA,74.0,2296.0,0.0,0.0,0.0,0.0,0,0,0,0,0,0,0,0,0,0,0,0,0,0
2023,COMUNIDAD VALENCIANA,BRÓCULI,BRÓCULI,209.0,4130.0,0.0,0.0,0.0,0.0,0,0,0,0,0,0,0,0,0,0,0,0,0,0
2023,COMUNIDAD VALENCIANA,CEBOLLA,CEBOLLA,186.0,4462.0,1.063,1.293,0.691,1.018,0,0,0,0,0,0,0,0,0,0,0,0,0,0
2023,COMUNIDAD VALENCIANA,COL Y REPOLLO,COL Y REPOLLO,447.0,16480.0,0.0,0.0,0.0,0.0,0,0,0,0,0,0,0,0,0,0,0,0,0,0
2023,COMUNIDAD VALENCIANA,COLIFLOR,COLIFLOR,279.0,6056.0,0.847,0.772,0.84,0.925,0,0,0,0,0,0,0,0,0,0,0,0,0,0
2023,COMUNIDAD VALENCIANA,ESCAROLA,ESCAROLA,199.0,4911.0,0.0,0.0,0.0,0.0,0,0,0,0,0,0,0,0,0,0,0,0,0,0
2023,COMUNIDAD VALENCIANA,ESPINACA,ESPINACA,6.0,131.0,0.0,0.0,0.0,0.0,0,0,0,0,0,0,0,0,0,0,0,0,0,0
2023,COMUNIDAD VALENCIANA,HABA VERDE,HABA VERDE,62.0,580.0,0.0,0.0,0.0,0.0,0,0,0,0,0,0,0,0,0,0,0,0,0,0
2023,COMUNIDAD VALENCIANA,JUDÍA VERDE,JUDÍA VERDE,108.0,2246.0,0.0,0.0,0.0,0.0,0,0,0,0,0,0,0,0,0,0,0,0,0,0
2023,COMUNIDAD VALENCIANA,LECHUGA,LECHUGA TOTAL,320.0,7478.0,0.377,0.442,0.327,0.289,0,0,0,0,0,0,0,0,0,0,0,0,0,0
2023,COMUNIDAD VALENCIANA,MELÓN,MELÓN,189.0,5725.0,0.828,0.705,1.266,0.0,0,0,0,0,0,0,0,0,0,0,0,0,0,0
2023,COMUNIDAD VALENCIANA,PEPINO,PEPINO,67.0,2143.0,0.0,0.0,0.0,0.0,0,0,0,0,0,0,0,0,0,0,0,0,0,0
2023,COMUNIDAD VALENCIANA,PIMIENTO,PIMIENTO CONSUMO EN FRESCO,110.0,3130.0,0.997,1.007,1.364,0.923,0,0,0,0,0,0,0,0,0,0,0,0,0,0
2023,COMUNIDAD VALENCIANA,Sandía,Sandía,258.0,9172.0,0.0,0.0,0.0,0.0,0,0,0,0,0,0,0,0,0,0,0,0,0,0
2023,COMUNIDAD VALENCIANA,TOMATE,TOMATE CONSUMO EN FRESCO,502.0,18471.0,1.427,1.506,1.337,1.054,0,0,0,0,0,0,0,0,0,0,0,0,0,0
2023,COMUNIDAD VALENCIANA,ALFALFA,HENO DE ALFALFA,246.0,3685.0,0.306,0.306,0.306,0.306,0,0,0,0,0,0,0,0,0,0,0,0,0,0
2023,COMUNIDAD VALENCIANA,FLORES (1),FLOR CORTADA CLAVELES (euros/docena),5.0,225.0,1.636,1.636,0.0,0.0,0,0,0,0,0,0,0,0,0,0,0,0,0,0
2023,COMUNIDAD VALENCIANA,FLORES (1),FLOR CORTADA ROSAS (euros/docena),5.0,225.0,6.463,5.588,0.0,9.792,0,0,0,0,0,0,0,0,0,0,0,0,0,0
2023,COMUNIDAD VALENCIANA,PLANTAS DE VIVERO (1),PLANTAS DE VIVERO (1),461.0,34076.0,0.0,0.0,0.0,0.0,0,0,0,0,0,0,0,0,0,0,0,0,0,0
2023,COMUNIDAD VALENCIANA,NARANJO DULCE,NAVELINA,7259.0,133232.0,0.261,0.302,0.289,0.255,0,0,0,0,0,0,0,0,0,0,0,0,0,0
2023,COMUNIDAD VALENCIANA,NARANJO DULCE,W. NAVEL,7259.0,133232.0,0.255,0.24,0.27,0.255,0,0,0,0,0,0,0,0,0,0,0,0,0,0
2023,COMUNIDAD VALENCIANA,NARANJO DULCE,NAVEL LANE LATE,7259.0,133232.0,0.381,0.433,0.36,0.365,0,0,0,0,0,0,0,0,0,0,0,0,0,0
2023,COMUNIDAD VALENCIANA,NARANJO DULCE,SALUSTIANA,7259.0,133232.0,0.225,0.26,0.233,0.217,0,0,0,0,0,0,0,0,0,0,0,0,0,0
2023,COMUNIDAD VALENCIANA,NARANJO DULCE,VALENCIA LATE,7259.0,133232.0,0.419,0.427,0.406,0.418,0,0,0,0,0,0,0,0,0,0,0,0,0,0
2023,COMUNIDAD VALENCIANA,MANDARINO,CLAUSELLINA-OKITSU,24337.0,434073.0,0.317,0.386,0.324,0.312,0,0,0,0,0,0,0,0,0,0,0,0,0,0
2023,COMUNIDAD VALENCIANA,MANDARINO,SATSUMA-OWARI,24337.0,434073.0,0.269,0.281,0.28,0.269,0,0,0,0,0,0,0,0,0,0,0,0,0,0
2023,COMUNIDAD VALENCIANA,MANDARINO,CLEMENRUBI,24337.0,434073.0,0.585,0.735,0.604,0.562,0,0,0,0,0,0,0,0,0,0,0,0,0,0
2023,COMUNIDAD VALENCIANA,MANDARINO,MARISOL,24337.0,434073.0,0.384,0.431,0.442,0.337,0,0,0,0,0,0,0,0,0,0,0,0,0,0
2023,COMUNIDAD VALENCIANA,MANDARINO,CLEMENTINA DE NULES,24337.0,434073.0,0.413,0.382,0.445,0.375,0,0,0,0,0,0,0,0,0,0,0,0,0,0
2023,COMUNIDAD VALENCIANA,MANDARINO,CLEMENTINA HERNANDINA,24337.0,434073.0,0.499,0.499,0.499,0.0,0,0,0,0,0,0,0,0,0,0,0,0,0,0
2023,COMUNIDAD VALENCIANA,MANDARINO,CLEMENVILLA O NOVA,24337.0,434073.0,0.414,0.436,0.47,0.398,0,0,0,0,0,0,0,0,0,0,0,0,0,0
2023,COMUNIDAD VALENCIANA,MANDARINO,ORTANIQUE,24337.0,434073.0,0.302,0.294,0.305,0.302,0,0,0,0,0,0,0,0,0,0,0,0,0,0
2023,COMUNIDAD VALENCIANA,MANDARINO,NADORCOTT,24337.0,434073.0,0.791,0.85,0.694,0.762,0,0,0,0,0,0,0,0,0,0,0,0,0,0
2023,COMUNIDAD VALENCIANA,MANDARINO,OTRAS MANDARINAS HÍBRIDAS,24337.0,434073.0,0.852,0.907,0.898,0.794,0,0,0,0,0,0,0,0,0,0,0,0,0,0
2023,COMUNIDAD VALENCIANA,LIMONERO,LIMÓN VERNA,87.0,770.0,0.452,0.452,0.0,0.0,0,0,0,0,0,0,0,0,0,0,0,0,0,0
2023,COMUNIDAD VALENCIANA,LIMONERO,LIMÓN FINO (Mesero),87.0,770.0,0.318,0.318,0.0,0.0,0,0,0,0,0,0,0,0,0,0,0,0,0,0
2023,COMUNIDAD VALENCIANA,MANZANA,MANZANA CONSUMO FRESCO,53.0,393.0,1.144,1.144,0.0,0.0,0,0,0,0,0,0,0,0,0,0,0,0,0,0
2023,COMUNIDAD VALENCIANA,PERA,PERA CONSUMO EN FRESCO,72.0,805.0,0.0,0.0,0.0,0.0,0,0,0,0,0,0,0,0,0,0,0,0,0,0
2023,COMUNIDAD VALENCIANA,NÍSPERO,NISPERO,113.0,1022.0,0.965,0.964,0.0,0.0,0,0,0,0,0,0,0,0,0,0,0,0,0,0
2023,COMUNIDAD VALENCIANA,ALBARICOQUE,ALBARICOQUE CONSUMO EN FRESCO,131.0,706.0,0.745,1.22,0.0,0.595,0,0,0,0,0,0,0,0,0,0,0,0,0,0
2023,COMUNIDAD VALENCIANA,CEREZA,CEREZA,470.0,1777.0,4.58,4.66,4.15,0.0,0,0,0,0,0,0,0,0,0,0,0,0,0,0
2023,COMUNIDAD VALENCIANA,MELOCOTÓN (3),MELOCOTÓN  CONSUMO EN FRESCO,316.0,2260.0,0.747,0.0,0.0,0.747,0,0,0,0,0,0,0,0,0,0,0,0,0,0
2023,COMUNIDAD VALENCIANA,CIRUELA,CIRUELA,80.0,579.0,0.866,0.866,0.0,0.866,0,0,0,0,0,0,0,0,0,0,0,0,0,0
2023,COMUNIDAD VALENCIANA,GRANADA,GRANADA,118.0,2355.0,0.511,0.511,0.0,0.0,0,0,0,0,0,0,0,0,0,0,0,0,0,0
2023,COMUNIDAD VALENCIANA,CAQUI,CAQUI,126.0,1914.0,0.467,0.0,0.0,0.467,0,0,0,0,0,0,0,0,0,0,0,0,0,0
2023,COMUNIDAD VALENCIANA,AGUACATE,AGUACATE,758.0,3675.0,0.0,0.0,0.0,0.0,0,0,0,0,0,0,0,0,0,0,0,0,0,0
2023,COMUNIDAD VALENCIANA,ALMENDRA,ALMENDRA CASCARA,30894.0,8943.0,0.91,0.904,0.895,0.93,0,0,0,0,0,0,0,0,0,0,0,0,0,0
2023,COMUNIDAD VALENCIANA,UVA DE MESA,UVA DE MESA,35.0,71.0,0.912,0.912,0.0,0.0,0,0,0,0,0,0,0,0,0,0,0,0,0,0
2023,COMUNIDAD VALENCIANA,UVA DE VINIFICACIÓN,VINO BLANCO DOP+IGP  (R(CE) 479/2008),728.0,498.0,53.449,39.0,0.0,55.211,0,0,0,0,0,0,0,0,0,0,0,0,0,0
2023,COMUNIDAD VALENCIANA,UVA DE VINIFICACIÓN,VINO BLANCO VARIETAL+OTROS (R(CE) 479/2008),728.0,498.0,52.68,0.0,0.0,52.68,0,0,0,0,0,0,0,0,0,0,0,0,0,0
2023,COMUNIDAD VALENCIANA,UVA DE VINIFICACIÓN,VINO TINTO Y ROSADO DOP+IGP (R(CE) 479/2008),728.0,498.0,40.736,42.05,0.0,40.48,0,0,0,0,0,0,0,0,0,0,0,0,0,0
2023,COMUNIDAD VALENCIANA,UVA DE VINIFICACIÓN,VINO TINTO Y ROSADO VARIETAL+OTROS (R(CE) 479/2008),728.0,498.0,46.233,36.5,0.0,46.687,0,0,0,0,0,0,0,0,0,0,0,0,0,0
2023,COMUNIDAD VALENCIANA,OLIVO,OLIVO,29998.0,43669.0,0.0,0.0,0.0,0.0,0,0,0,0,0,0,0,0,0,0,0,0,0,0
2023,COMUNIDAD VALENCIANA,ALGARROBA (GARROFA),ALGARROBA (GARROFA),7325.0,3319.0,0.0,0.0,0.0,0.0,0,0,0,0,0,0,0,0,0,0,0,0,0,0
2023,COMUNIDAD VALENCIANA,ARROZ,ARROZ CÁSCARA,14783.0,93853.0,0.62,0.0,0.0,0.62,0,0,0,0,0,0,0,0,0,0,0,0,0,0
2023,COMUNIDAD VALENCIANA,TRIGO,TRIGO,3013.0,1841.0,0.0,0.0,0.0,0.0,0,0,0,0,0,0,0,0,0,0,0,0,0,0
2023,COMUNIDAD VALENCIANA,CEBADA,CEBADA (2 carreras),7649.0,3776.0,0.239,0.239,0.239,0.239,0,0,0,0,0,0,0,0,0,0,0,0,0,0
2023,COMUNIDAD VALENCIANA,MAÍZ,MAÍZ GRANO,80.0,992.0,0.254,0.254,0.254,0.254,0,0,0,0,0,0,0,0,0,0,0,0,0,0
2023,COMUNIDAD VALENCIANA,PATATA,PATATA EXTRATEMP Y TEMPRANA,1047.0,40274.0,0.522,0.644,0.615,0.484,0,0,0,0,0,0,0,0,0,0,0,0,0,0
2023,COMUNIDAD VALENCIANA,PATATA,PATATA MED ESTAC Y TARDIA,1047.0,40274.0,0.507,0.507,0.0,0.0,0,0,0,0,0,0,0,0,0,0,0,0,0,0
2023,COMUNIDAD VALENCIANA,CHUFA,CHUFA,582.0,7159.0,0.818,0.0,0.0,0.818,0,0,0,0,0,0,0,0,0,0,0,0,0,0
2023,COMUNIDAD VALENCIANA,ALCACHOFA,ALCACHOFA consumo fresco,1027.0,21567.0,1.364,1.223,1.491,1.387,0,0,0,0,0,0,0,0,0,0,0,0,0,0
2023,COMUNIDAD VALENCIANA,ALCACHOFA,ALCACHOFA industria,1027.0,21567.0,0.597,0.636,0.61,0.348,0,0,0,0,0,0,0,0,0,0,0,0,0,0
2023,COMUNIDAD VALENCIANA,BERENJENA,BERENJENA,119.0,7497.0,0.0,0.0,0.0,0.0,0,0,0,0,0,0,0,0,0,0,0,0,0,0
2023,COMUNIDAD VALENCIANA,BRÓCULI,BRÓCULI,98.0,1176.0,0.0,0.0,0.0,0.0,0,0,0,0,0,0,0,0,0,0,0,0,0,0
2023,COMUNIDAD VALENCIANA,CEBOLLA,CEBOLLA,1111.0,66660.0,1.063,1.293,0.691,1.018,0,0,0,0,0,0,0,0,0,0,0,0,0,0
2023,COMUNIDAD VALENCIANA,COL Y REPOLLO,COL Y REPOLLO,811.0,36413.0,0.0,0.0,0.0,0.0,0,0,0,0,0,0,0,0,0,0,0,0,0,0
2023,COMUNIDAD VALENCIANA,COLIFLOR,COLIFLOR,611.0,16497.0,0.847,0.772,0.84,0.925,0,0,0,0,0,0,0,0,0,0,0,0,0,0
2023,COMUNIDAD VALENCIANA,ESCAROLA,ESCAROLA,118.0,4248.0,0.0,0.0,0.0,0.0,0,0,0,0,0,0,0,0,0,0,0,0,0,0
2023,COMUNIDAD VALENCIANA,ESPINACA,ESPINACA,193.0,4439.0,0.0,0.0,0.0,0.0,0,0,0,0,0,0,0,0,0,0,0,0,0,0
2023,COMUNIDAD VALENCIANA,HABA VERDE,HABA VERDE,86.0,1032.0,0.0,0.0,0.0,0.0,0,0,0,0,0,0,0,0,0,0,0,0,0,0
2023,COMUNIDAD VALENCIANA,JUDÍA VERDE,JUDÍA VERDE,81.0,1962.0,0.0,0.0,0.0,0.0,0,0,0,0,0,0,0,0,0,0,0,0,0,0
2023,COMUNIDAD VALENCIANA,LECHUGA,LECHUGA TOTAL,474.0,21617.0,0.377,0.442,0.327,0.289,0,0,0,0,0,0,0,0,0,0,0,0,0,0
2023,COMUNIDAD VALENCIANA,MELÓN,MELÓN,91.0,3276.0,0.828,0.705,1.266,0.0,0,0,0,0,0,0,0,0,0,0,0,0,0,0
2023,COMUNIDAD VALENCIANA,PEPINO,PEPINO,19.0,1334.0,0.0,0.0,0.0,0.0,0,0,0,0,0,0,0,0,0,0,0,0,0,0
2023,COMUNIDAD VALENCIANA,PIMIENTO,PIMIENTO CONSUMO EN FRESCO,380.0,24705.0,0.997,1.007,1.364,0.923,0,0,0,0,0,0,0,0,0,0,0,0,0,0
2023,COMUNIDAD VALENCIANA,SANDÍA,SANDÍA,876.0,39610.0,0.612,0.475,0.606,0.649,0,0,0,0,0,0,0,0,0,0,0,0,0,0
2023,COMUNIDAD VALENCIANA,TOMATE,TOMATE CONSUMO EN FRESCO,208.0,8850.0,1.427,1.506,1.337,1.054,0,0,0,0,0,0,0,0,0,0,0,0,0,0
2023,COMUNIDAD VALENCIANA,ALFALFA,HENO DE ALFALFA,167.0,3071.0,0.306,0.306,0.306,0.306,0,0,0,0,0,0,0,0,0,0,0,0,0,0
2023,COMUNIDAD VALENCIANA,FLORES (1),FLOR CORTADA CLAVELES (euros/docena),14.0,552.0,1.636,1.636,0.0,0.0,0,0,0,0,0,0,0,0,0,0,0,0,0,0
2023,COMUNIDAD VALENCIANA,FLORES (1),FLOR CORTADA ROSAS (euros/docena),14.0,552.0,6.463,5.588,0.0,9.792,0,0,0,0,0,0,0,0,0,0,0,0,0,0
2023,COMUNIDAD VALENCIANA,PLANTAS DE VIVERO (1),PLANTAS DE VIVERO (1),1682.0,48316.0,0.0,0.0,0.0,0.0,0,0,0,0,0,0,0,0,0,0,0,0,0,0
2023,COMUNIDAD VALENCIANA,NARANJO DULCE,NAVELINA,53688.0,964665.0,0.261,0.302,0.289,0.255,0,0,0,0,0,0,0,0,0,0,0,0,0,0
2023,COMUNIDAD VALENCIANA,NARANJO DULCE,W. NAVEL,53688.0,964665.0,0.255,0.24,0.27,0.255,0,0,0,0,0,0,0,0,0,0,0,0,0,0
2023,COMUNIDAD VALENCIANA,NARANJO DULCE,NAVEL LANE LATE,53688.0,964665.0,0.381,0.433,0.36,0.365,0,0,0,0,0,0,0,0,0,0,0,0,0,0
2023,COMUNIDAD VALENCIANA,NARANJO DULCE,SALUSTIANA,53688.0,964665.0,0.225,0.26,0.233,0.217,0,0,0,0,0,0,0,0,0,0,0,0,0,0
2023,COMUNIDAD VALENCIANA,NARANJO DULCE,VALENCIA LATE,53688.0,964665.0,0.419,0.427,0.406,0.418,0,0,0,0,0,0,0,0,0,0,0,0,0,0
2023,COMUNIDAD VALENCIANA,MANDARINO,CLAUSELLINA-OKITSU,32966.0,583895.0,0.317,0.386,0.324,0.312,0,0,0,0,0,0,0,0,0,0,0,0,0,0
2023,COMUNIDAD VALENCIANA,MANDARINO,SATSUMA-OWARI,32966.0,583895.0,0.269,0.281,0.28,0.269,0,0,0,0,0,0,0,0,0,0,0,0,0,0
2023,COMUNIDAD VALENCIANA,MANDARINO,CLEMENRUBI,32966.0,583895.0,0.585,0.735,0.604,0.562,0,0,0,0,0,0,0,0,0,0,0,0,0,0
2023,COMUNIDAD VALENCIANA,MANDARINO,MARISOL,32966.0,583895.0,0.384,0.431,0.442,0.337,0,0,0,0,0,0,0,0,0,0,0,0,0,0
2023,COMUNIDAD VALENCIANA,MANDARINO,CLEMENTINA DE NULES,32966.0,583895.0,0.413,0.382,0.445,0.375,0,0,0,0,0,0,0,0,0,0,0,0,0,0
2023,COMUNIDAD VALENCIANA,MANDARINO,CLEMENTINA HERNANDINA,32966.0,583895.0,0.499,0.499,0.499,0.0,0,0,0,0,0,0,0,0,0,0,0,0,0,0
2023,COMUNIDAD VALENCIANA,MANDARINO,CLEMENVILLA O NOVA,32966.0,583895.0,0.414,0.436,0.47,0.398,0,0,0,0,0,0,0,0,0,0,0,0,0,0
2023,COMUNIDAD VALENCIANA,MANDARINO,ORTANIQUE,32966.0,583895.0,0.302,0.294,0.305,0.302,0,0,0,0,0,0,0,0,0,0,0,0,0,0
2023,COMUNIDAD VALENCIANA,MANDARINO,NADORCOTT,32966.0,583895.0,0.791,0.85,0.694,0.762,0,0,0,0,0,0,0,0,0,0,0,0,0,0
2023,COMUNIDAD VALENCIANA,MANDARINO,OTRAS MANDARINAS HÍBRIDAS,32966.0,583895.0,0.852,0.907,0.898,0.794,0,0,0,0,0,0,0,0,0,0,0,0,0,0
2023,COMUNIDAD VALENCIANA,LIMONERO,LIMÓN VERNA,304.0,2729.0,0.452,0.452,0.0,0.0,0,0,0,0,0,0,0,0,0,0,0,0,0,0
2023,COMUNIDAD VALENCIANA,LIMONERO,LIMÓN FINO (Mesero),304.0,2729.0,0.318,0.318,0.0,0.0,0,0,0,0,0,0,0,0,0,0,0,0,0,0
2023,COMUNIDAD VALENCIANA,MANZANA,MANZANA CONSUMO FRESCO,75.0,1123.0,1.144,1.144,0.0,0.0,0,0,0,0,0,0,0,0,0,0,0,0,0,0
2023,COMUNIDAD VALENCIANA,PERA,PERA CONSUMO EN FRESCO,36.0,585.0,0.0,0.0,0.0,0.0,0,0,0,0,0,0,0,0,0,0,0,0,0,0
2023,COMUNIDAD VALENCIANA,NÍSPERO,NISPERO,36.0,594.0,0.965,0.964,0.0,0.0,0,0,0,0,0,0,0,0,0,0,0,0,0,0
2023,COMUNIDAD VALENCIANA,ALBARICOQUE,ALBARICOQUE CONSUMO EN FRESCO,2131.0,16019.0,0.745,1.22,0.0,0.595,0,0,0,0,0,0,0,0,0,0,0,0,0,0
2023,COMUNIDAD VALENCIANA,CEREZA,CEREZA,89.0,136.0,4.58,4.66,4.15,0.0,0,0,0,0,0,0,0,0,0,0,0,0,0,0
2023,COMUNIDAD VALENCIANA,MELOCOTÓN (3),MELOCOTÓN  CONSUMO EN FRESCO,2650.0,30571.0,0.747,0.0,0.0,0.747,0,0,0,0,0,0,0,0,0,0,0,0,0,0
2023,COMUNIDAD VALENCIANA,CIRUELA,CIRUELA,890.0,8580.0,0.866,0.866,0.0,0.866,0,0,0,0,0,0,0,0,0,0,0,0,0,0
2023,COMUNIDAD VALENCIANA,GRANADA,GRANADA,480.0,6608.0,0.511,0.511,0.0,0.0,0,0,0,0,0,0,0,0,0,0,0,0,0,0
2023,COMUNIDAD VALENCIANA,CAQUI,CAQUI,14050.0,404396.0,0.467,0.0,0.0,0.467,0,0,0,0,0,0,0,0,0,0,0,0,0,0
2023,COMUNIDAD VALENCIANA,AGUACATE,AGUACATE,1510.0,11673.0,0.0,0.0,0.0,0.0,0,0,0,0,0,0,0,0,0,0,0,0,0,0
2023,COMUNIDAD VALENCIANA,ALMENDRA,ALMENDRA CASCARA,35633.0,19964.0,0.91,0.904,0.895,0.93,0,0,0,0,0,0,0,0,0,0,0,0,0,0
2023,COMUNIDAD VALENCIANA,UVA DE MESA,UVA DE MESA,188.0,182.0,0.912,0.912,0.0,0.0,0,0,0,0,0,0,0,0,0,0,0,0,0,0
2023,COMUNIDAD VALENCIANA,UVA DE VINIFICACIÓN,VINO BLANCO DOP+IGP  (R(CE) 479/2008),45570.0,180462.0,53.449,39.0,0.0,55.211,0,0,0,0,0,0,0,0,0,0,0,0,0,0
2023,COMUNIDAD VALENCIANA,UVA DE VINIFICACIÓN,VINO BLANCO VARIETAL+OTROS (R(CE) 479/2008),45570.0,180462.0,52.68,0.0,0.0,52.68,0,0,0,0,0,0,0,0,0,0,0,0,0,0
2023,COMUNIDAD VALENCIANA,UVA DE VINIFICACIÓN,VINO TINTO Y ROSADO DOP+IGP (R(CE) 479/2008),45570.0,180462.0,40.736,42.05,0.0,40.48,0,0,0,0,0,0,0,0,0,0,0,0,0,0
2023,COMUNIDAD VALENCIANA,UVA DE VINIFICACIÓN,VINO TINTO Y ROSADO VARIETAL+OTROS (R(CE) 479/2008),45570.0,180462.0,46.233,36.5,0.0,46.687,0,0,0,0,0,0,0,0,0,0,0,0,0,0
2023,COMUNIDAD VALENCIANA,OLIVO,OLIVO,31858.0,35641.0,0.0,0.0,0.0,0.0,0,0,0,0,0,0,0,0,0,0,0,0,0,0
2023,COMUNIDAD VALENCIANA,ALGARROBA (GARROFA),ALGARROBA (GARROFA),8850.0,9107.0,0.0,0.0,0.0,0.0,0,0,0,0,0,0,0,0,0,0,0,0,0,0
